object_id,chi_sq_g,chi_sq_all,objectId,RA,DEC,RA,DEC,SDSS_NAME,Z_SYS,LOGLBOL,LOGLBOL_ERR,LOGL3000,LOGL3000_ERR,M_I,SN_MEDIAN_ALL,Z,LOGLBOL_CALC,LOGLBOL_ERR_CALC,LOGLBOL_bin
1411647,26.270047538716742,106.86638690102797,1411647,25.8383174643875,1.2367606182344486,25.8383174643875,1.2367606182344486,014321.19+011412.3,0.32627662201316804,43.47060958132629,0.0253883590373398,42.7588023522851,0.0253883590373398,-21.79129554230442,6.320108413696289,0.32627662201316804,43.47060958132629,0.0253883590373398,"(43.134, 43.666]"
1444871,164.13206521837603,77.90754739198286,1444871,359.91935722162907,1.002440428893257,359.91935722162907,1.002440428893257,235940.64+010008.7,0.22081915105999372,43.600119125341514,0.0320677743310433,42.88831189630032,0.0320677743310433,-20.602384163229466,4.405038833618164,0.22081915105999372,43.600119125341514,0.0320677743310433,"(43.134, 43.666]"
1447333,40.0942828180853,87.54720177943511,1447333,355.5839195121637,0.2615933024817956,355.5839195121637,0.2615933024817956,234220.14+001541.7,0.269943046426148,43.5551216653191,0.0392072042687416,42.84331443627791,0.0392072042687416,-20.79191662326887,3.516798257827759,0.269943046426148,43.5551216653191,0.0392072042687416,"(43.134, 43.666]"
1411138,16.455777029197694,766.4027895789144,1411138,26.202462737961397,0.8594131314902433,26.202462737961397,0.8594131314902433,014448.59+005133.8,0.4152730338987721,43.660892274054184,0.0339646672341125,42.94908504501299,0.0339646672341125,-21.685473920897454,3.322904348373413,0.4152730338987721,43.660892274054184,0.0339646672341125,"(43.134, 43.666]"
1417358,11.260180040360588,73.92951645709778,1417358,21.817377974013997,-0.5993524145229753,21.817377974013997,-0.5993524145229753,012716.17-003557.6,0.37122325464532835,43.60510493003249,0.0348560972288325,42.8932977009913,0.0348560972288325,-22.3907469441465,7.755934238433838,0.37122325464532835,43.60510493003249,0.0348560972288325,"(43.134, 43.666]"
1417406,11.72466486079428,25.628948014864267,1417406,21.787133722814147,0.900521483313719,21.787133722814147,0.900521483313719,012708.91+005401.8,0.37738210670090716,43.63329102579197,0.0201179723551412,42.92148379675078,0.0201179723551412,-21.156600736619176,3.517073154449463,0.37738210670090716,43.63329102579197,0.0201179723551412,"(43.134, 43.666]"
1424781,10.609826453241467,53.49956445105485,1424781,16.074214643030416,-0.8880558340603685,16.074214643030416,-0.8880558340603685,010417.81-005317.0,0.29847870447750974,43.326061139249035,0.026652434011563,42.61425391020784,0.026652434011563,-21.74153146493668,8.943631172180176,0.29847870447750974,43.326061139249035,0.026652434011563,"(43.134, 43.666]"
1465964,34.56034624337184,83.33204192431462,1465964,320.5431323635281,-0.6262901551807354,320.5431323635281,-0.6262901551807354,212210.35-003734.6,0.33859137952518625,43.54523231785864,0.0311018281337993,42.83342508881745,0.0311018281337993,-21.666742267857536,4.929839611053467,0.33859137952518625,43.54523231785864,0.0311018281337993,"(43.134, 43.666]"
1450477,13.391099129679404,46.17599415077963,1450477,349.7348329309849,0.3745666872015707,349.7348329309849,0.3745666872015707,231856.35+002228.4,0.26105920723449083,43.4522605257607,0.0346543719140903,42.74045329671951,0.0346543719140903,-21.10139696758953,5.423565864562988,0.26105920723449083,43.4522605257607,0.0346543719140903,"(43.134, 43.666]"
1409409,10.603886319826431,111.27416419880144,1409409,27.49798665293812,0.1113371810451653,27.49798665293812,0.1113371810451653,014959.51+000640.8,0.3469776762489932,43.19559999781021,0.0929128355492814,42.48379276876902,0.0929128355492814,-21.618975864889457,5.097415447235107,0.3469776762489932,43.19559999781021,0.0929128355492814,"(43.134, 43.666]"
1410880,85.16121371035578,239.4903864835773,1410880,26.400048550282065,-0.1030942161523138,26.400048550282065,-0.1030942161523138,014536.01-000611.1,0.19182212209201624,43.49052201710563,0.0584731904747464,42.77871478806444,0.0584731904747464,-20.767115622885555,14.271099090576172,0.19182212209201624,43.49052201710563,0.0584731904747464,"(43.134, 43.666]"
1445329,17.198416673568403,239.56369312326527,1445329,359.2030652644879,-0.1261757417099598,359.2030652644879,-0.1261757417099598,235648.73-000734.2,0.28219813517111136,43.63515739515594,0.0328398392697764,42.92335016611475,0.0328398392697764,-21.395164840084522,4.851256847381592,0.28219813517111136,43.63515739515594,0.0328398392697764,"(43.134, 43.666]"
1425555,12.87550713364317,110.19209890338288,1425555,15.48484374986075,0.1564449717476804,15.48484374986075,0.1564449717476804,010156.36+000923.2,0.2774403450024353,43.272618167643955,0.0595025303673217,42.56081093860276,0.0595025303673217,-21.041625773401844,7.177546977996826,0.2774403450024353,43.272618167643955,0.0595025303673217,"(43.134, 43.666]"
1419845,80.41334586887874,227.0983166082713,1419845,19.925536290675684,-0.3172031615066236,19.925536290675684,-0.3172031615066236,011942.12-001901.9,0.25637797067284607,43.506005488723154,0.0208173779246401,42.79419825968196,0.0208173779246401,-21.052374617298362,8.648433685302734,0.25637797067284607,43.506005488723154,0.0208173779246401,"(43.134, 43.666]"
1417782,123.34778479521736,130.39781591642588,1417782,21.489319310416136,-0.0817932783534734,21.489319310416136,-0.0817932783534734,012557.43-000454.4,0.3986391305692119,43.62035284009636,0.0416037249380174,42.90854561105517,0.0416037249380174,-21.594828173217277,3.195349931716919,0.3986391305692119,43.62035284009636,0.0416037249380174,"(43.134, 43.666]"
1456049,39.109651154903176,204.1040141863592,1456049,339.0217899306167,-0.6891113119789043,339.0217899306167,-0.6891113119789043,223605.22-004120.8,0.19109617903722043,43.60091589580749,0.0982361939882423,42.8891086667663,0.0982361939882423,-20.95181047492165,12.346567153930664,0.19109617903722043,43.60091589580749,0.0982361939882423,"(43.134, 43.666]"
1459338,24.67849971188241,37.65000599921709,1459338,332.83491941757745,1.15157627413146,332.83491941757745,1.15157627413146,221120.38+010905.6,0.3412113685234547,43.28050053494919,0.0696984398355411,42.568693305908,0.0696984398355411,-21.286997644020843,3.48828125,0.3412113685234547,43.28050053494919,0.0696984398355411,"(43.134, 43.666]"
1453032,26.45109955020193,42.92118038746989,1453032,344.99116894401106,0.6928689794068341,344.99116894401106,0.6928689794068341,225957.88+004134.3,0.29210360080047976,43.58917967841039,0.0338979507345946,42.8773724493692,0.0338979507345946,-21.26394556823122,3.3203794956207275,0.29210360080047976,43.58917967841039,0.0338979507345946,"(43.134, 43.666]"
1410326,10.928025194046665,31.99719085616571,1410326,26.80933350808607,0.704481346139251,26.80933350808607,0.704481346139251,014714.24+004216.1,0.3336544168834752,43.384102100488924,0.0545895080298386,42.67229487144773,0.0545895080298386,-21.109111607022623,4.061363220214844,0.3336544168834752,43.384102100488924,0.0545895080298386,"(43.134, 43.666]"
1422016,49.75879033113627,230.33316705454445,1422016,18.2674685031171,0.3219377277902966,18.2674685031171,0.3219377277902966,011304.19+001918.9,0.24178107815271452,43.25787396722196,0.0365853538493006,42.54606673818077,0.0365853538493006,-21.163563023058213,11.057683944702148,0.24178107815271452,43.25787396722196,0.0365853538493006,"(43.134, 43.666]"
1426470,12.961118482623116,298.8117614081311,1426470,14.73829983511554,1.1115917344523107,14.73829983511554,1.1115917344523107,005857.19+010641.7,0.21203552248702118,43.38075959373374,0.0510005301149654,42.66895236469255,0.0510005301149654,-21.169453299739516,9.577783584594727,0.21203552248702118,43.38075959373374,0.0510005301149654,"(43.134, 43.666]"
1419725,26.82504035783005,72.71384319299945,1419725,20.003274149589192,0.865023246518946,20.003274149589192,0.865023246518946,012000.78+005154.0,0.3370497011924447,43.6435759241343,0.0103399659637553,42.93176869509311,0.0103399659637553,-21.789197732941624,7.424567699432373,0.3370497011924447,43.6435759241343,0.0103399659637553,"(43.134, 43.666]"
1423611,28.30082476888368,186.70370227306856,1423611,16.9520657809381,-0.1278898653295976,16.9520657809381,-0.1278898653295976,010748.49-000740.4,0.2959227516696693,43.388723686544914,0.0360278552096957,42.67691645750372,0.0360278552096957,-21.49852799334217,5.8154826164245605,0.2959227516696693,43.388723686544914,0.0360278552096957,"(43.134, 43.666]"
1426344,11.81829843674554,245.5496536958021,1426344,14.851486029809816,0.4184534042995181,14.851486029809816,0.4184534042995181,005924.35+002506.4,0.37401127341473106,43.567777693409035,0.0511713297147515,42.85597046436784,0.0511713297147515,-22.10719329848294,5.490191459655762,0.37401127341473106,43.567777693409035,0.0511713297147515,"(43.134, 43.666]"
1425394,35.799834640522405,285.41350121723787,1425394,15.602259296024112,-0.2504320449086272,15.602259296024112,-0.2504320449086272,010224.54-001501.5,0.272032311660559,43.33851232320404,0.0360597633873105,42.62670509416285,0.0360597633873105,-21.64742008495266,12.202110290527344,0.272032311660559,43.33851232320404,0.0360597633873105,"(43.134, 43.666]"
1424040,36.1378410948729,323.6807808877944,1424040,16.630887239756618,0.65869994358671,16.630887239756618,0.65869994358671,010631.41+003931.3,0.2389374448139012,43.546293365866696,0.0149852455092123,42.834486136825504,0.0149852455092123,-21.488986204826706,11.999232292175293,0.2389374448139012,43.546293365866696,0.0149852455092123,"(43.134, 43.666]"
1416654,16.448275468043846,58.7612035623375,1416654,22.27942733319594,-0.0809110073494815,22.27942733319594,-0.0809110073494815,012907.06-000451.2,0.33745288934166856,43.50711756290771,0.0060068089473972,42.79531033386652,0.0060068089473972,-21.816573407646054,9.314501762390137,0.33745288934166856,43.50711756290771,0.0060068089473972,"(43.134, 43.666]"
1464264,25.74866108576643,123.783322470296,1464264,323.5540381476987,-0.528842044235823,323.5540381476987,-0.528842044235823,213412.96-003143.8,0.23346854658259317,43.432071354032004,0.0665546058426898,42.72026412499081,0.0665546058426898,-20.702172628313047,6.856706619262695,0.23346854658259317,43.432071354032004,0.0665546058426898,"(43.134, 43.666]"
1420321,49.84326780632352,312.8853053218239,1420321,19.608862265485563,-1.2240609055244824,19.608862265485563,-1.2240609055244824,011826.12-011326.6,0.21708465599199375,43.31108944762172,0.029284838981205,42.59928221858053,0.029284838981205,-21.788799768225445,20.361434936523438,0.21708465599199375,43.31108944762172,0.029284838981205,"(43.134, 43.666]"
1422140,245.7228720215576,740.889755212426,1422140,18.16881227894369,0.9077958705460228,18.16881227894369,0.9077958705460228,011240.51+005428.0,0.23716970702232618,43.41439085233396,0.0791990483749138,42.70258362329277,0.0791990483749138,-22.01998365448181,10.632091522216797,0.23716970702232618,43.41439085233396,0.0791990483749138,"(43.134, 43.666]"
1460079,127.31691265119576,1851.5515027555043,1460079,331.4430402844544,0.8886892407921507,331.4430402844544,0.8886892407921507,220546.32+005319.2,0.2846841520862843,43.62293355170152,0.0717903884513333,42.91112632266033,0.0717903884513333,-23.21368623999592,19.896902084350586,0.2846841520862843,43.62293355170152,0.0717903884513333,"(43.134, 43.666]"
1414225,14.33879443725314,66.95491285562895,1414225,24.00096778409284,0.7674631191948047,24.00096778409284,0.7674631191948047,013600.23+004602.8,0.3563384462647297,43.450553961739985,0.06236578188037,42.73874673269879,0.06236578188037,-21.320710626075215,3.5538523197174072,0.3563384462647297,43.450553961739985,0.06236578188037,"(43.134, 43.666]"
1416543,24.344686962047422,80.66501618560059,1416543,22.365287251020668,0.1776516292823924,22.365287251020668,0.1776516292823924,012927.66+001039.5,0.28794883515207115,43.35434614810397,0.0787584566813883,42.64253891906278,0.0787584566813883,-21.29899922755181,7.714329242706299,0.28794883515207115,43.35434614810397,0.0787584566813883,"(43.134, 43.666]"
1436874,475.66175083006726,718.4553996166566,1436874,6.6213591878308415,0.0860033146426081,6.6213591878308415,0.0860033146426081,002629.12+000509.6,0.21312863921602362,43.638531658323075,0.0355248854152172,42.92672442928188,0.0355248854152172,-20.9754256181457,10.437493324279785,0.21312863921602362,43.638531658323075,0.0355248854152172,"(43.134, 43.666]"
1420397,34.00816184922024,195.87879315037728,1420397,19.540721627774644,0.3661723499747404,19.540721627774644,0.3661723499747404,011809.77+002158.2,0.27509812243945125,43.164117796005705,0.0294126549000175,42.45231056696451,0.0294126549000175,-21.60614510140356,11.584229469299316,0.27509812243945125,43.164117796005705,0.0294126549000175,"(43.134, 43.666]"
1444338,50.10607218423615,194.451521587808,1444338,0.3946445215791527,-0.5176694784869522,0.3946445215791527,-0.5176694784869522,000134.71-003103.6,0.24578648555147228,43.42998972612957,0.2022155544240682,42.71818249708838,0.2022155544240682,-21.899585209171743,12.626585960388184,0.24578648555147228,43.42998972612957,0.2022155544240682,"(43.134, 43.666]"
1419407,31.629476901398583,230.14111301089264,1419407,20.24635055994864,0.5067330462285401,20.24635055994864,0.5067330462285401,012059.12+003024.2,0.2391058280226552,43.29658399188961,0.0440866152484069,42.58477676284842,0.0440866152484069,-21.50027138403747,16.846099853515625,0.2391058280226552,43.29658399188961,0.0440866152484069,"(43.134, 43.666]"
