oid,filter,mjd,mag,magerr,clrcoeff,ref,ref_err
715107400005470,zg,58202.33246,13.03713,0.016475962,-0.02619811,13.019001,0.045
715107400005470,zg,58205.29962,13.094438,0.01632591,-0.03934834,13.019001,0.045
715107400005470,zg,58205.33584,13.062809,0.016408604,-0.028623924,13.019001,0.045
715107400005470,zg,58208.30631,13.102501,0.016304873,-0.037526384,13.019001,0.045
715207400001942,zr,58216.23867,12.432411,0.015616201,0.13566807,12.511,0.056
715207400001942,zr,58217.23876,12.497648,0.015530466,0.11763094,12.511,0.056
715207400001942,zr,58217.23974,12.535525,0.015480985,0.119334295,12.511,0.056
715207400001942,zr,58217.27006,12.48707,0.015544325,0.124086894,12.511,0.056
715207400001942,zr,58218.25652,12.517362,0.015504685,0.13006726,12.511,0.056
715207400001942,zr,58218.29332,12.462104,0.0155771,0.12908427,12.511,0.056
715207400001942,zr,58218.29981,12.554128,0.015456765,0.14014016,12.511,0.056
715207400001942,zr,58219.22349,12.476624,0.015558027,0.13145345,12.511,0.056
715207400001942,zr,58219.24309,12.459974,0.015579901,0.1439918,12.511,0.056
715207400001942,zr,58219.27276,12.450062,0.015592942,0.14691444,12.511,0.056
715207400001942,zr,58221.25153,12.428012,0.015622006,0.14012551,12.511,0.056
715207400001942,zr,58222.27367,12.406886,0.015649917,0.13383453,12.511,0.056
715207400001942,zr,58222.28113,12.430621,0.015618563,0.13461533,12.511,0.056
715207400001942,zr,58224.24345,12.485395,0.01554652,0.13597263,12.511,0.056
715207400001942,zr,58224.25843,12.476284,0.015558473,0.13918719,12.511,0.056
715207400001942,zr,58224.25984,12.495537,0.015533229,0.13760915,12.511,0.056
715207400001942,zr,58224.28979,12.450048,0.015592959,0.14776647,12.511,0.056
715207400001942,zr,58224.29074,12.46624,0.015571663,0.13585392,12.511,0.056
715207400001942,zr,58226.26943,12.480682,0.0155527,0.1278526,12.511,0.056
715207400001942,zr,58227.26462,12.428291,0.015621636,0.14361121,12.511,0.056
715207400001942,zr,58227.26554,12.415049,0.015639126,0.14540388,12.511,0.056
715307400010186,zi,58232.32455,12.727454,0.013531324,0.19534813,12.844,0.052
715107400005470,zg,58233.24064,12.975623,0.016638074,-0.023545325,13.019001,0.045
715107400005470,zg,58233.24491,12.93456,0.016746886,-0.052041892,13.019001,0.045
715107400005470,zg,58234.20032,12.943486,0.016723191,-0.057192415,13.019001,0.045
715107400005470,zg,58235.17872,12.974326,0.016641505,-0.06288475,13.019001,0.045
715107400005470,zg,58236.17798,12.999895,0.016573971,-0.06980603,13.019001,0.045
715107400005470,zg,58236.18707,12.938088,0.016737517,-0.02963179,13.019001,0.045
715107400005470,zg,58237.18765,12.960578,0.01667789,-0.042339046,13.019001,0.045
715107400005470,zg,58237.22599,12.919958,0.016785687,-0.01114453,13.019001,0.045
715107400005470,zg,58238.18392,12.987411,0.016606923,-0.06452967,13.019001,0.045
715107400005470,zg,58242.21393,13.049694,0.016442982,-0.12092168,13.019001,0.045
715107400005470,zg,58242.21485,13.058109,0.016420916,-0.11393804,13.019001,0.045
715207400001942,zr,58242.26599,12.475746,0.015559178,0.12297736,12.511,0.056
715107400005470,zg,58243.21818,13.056394,0.01642541,-0.116411544,13.019001,0.045
715307400010186,zi,58243.34489,12.869188,0.013400992,0.17772982,12.844,0.052
715107400005470,zg,58244.21651,12.994921,0.016587095,-0.078024864,13.019001,0.045
715307400010186,zi,58247.16212,12.73499,0.013524298,0.17298436,12.844,0.052
715107400005470,zg,58247.20289,12.974751,0.016640382,-0.051747352,13.019001,0.045
715207400001942,zr,58247.23941,12.4030695,0.015654964,0.14496359,12.511,0.056
715107400005470,zg,58248.22877,12.990413,0.016598996,-0.033817634,13.019001,0.045
715107400005470,zg,58248.2297,12.977071,0.016634244,-0.024656074,13.019001,0.045
715207400001942,zr,58248.24396,12.423941,0.01562738,0.1463873,12.511,0.056
715207400001942,zr,58248.24489,12.404577,0.01565297,0.15225048,12.511,0.056
715107400005470,zg,58250.20461,12.829896,0.017026216,-0.032845035,13.019001,0.045
715307400010186,zi,58254.16742,12.826283,0.013440027,0.18671748,12.844,0.052
715207400001942,zr,58254.20051,12.44201,0.015603547,0.13386236,12.511,0.056
715207400001942,zr,58254.20191,12.468733,0.015568388,0.12982756,12.511,0.056
715107400005470,zg,58255.20306,13.031458,0.016490865,-0.06755925,13.019001,0.045
715207400001942,zr,58255.24611,12.454938,0.015586523,0.13828173,12.511,0.056
715207400001942,zr,58256.24968,12.43141,0.015617522,0.14112312,12.511,0.056
715307400010186,zi,58257.19223,12.800994,0.013463209,0.18245648,12.844,0.052
715307400010186,zi,58257.19999,12.800083,0.013464047,0.18381579,12.844,0.052
715207400001942,zr,58257.23783,12.442877,0.015602403,0.14922267,12.511,0.056
715207400001942,zr,58257.23878,12.485706,0.015546111,0.14235075,12.511,0.056
715107400005470,zg,58258.17806,13.008779,0.016550554,-0.07388936,13.019001,0.045
715207400001942,zr,58258.21481,12.467628,0.01556984,0.13853267,12.511,0.056
715207400001942,zr,58260.20121,12.393074,0.015668198,0.14296058,12.511,0.056
715207400001942,zr,58260.20214,12.399881,0.015659185,0.1496939,12.511,0.056
715307400010186,zi,58261.26044,12.761176,0.013499963,0.19240656,12.844,0.052
715307400010186,zi,58266.21672,12.819936,0.013445834,0.18922293,12.844,0.052
715207400001942,zr,58266.25052,12.4739485,0.015561538,0.1342365,12.511,0.056
715207400001942,zr,58267.2881,12.512037,0.015511643,0.14429677,12.511,0.056
715207400001942,zr,58269.17765,12.409234,0.015646812,0.15128875,12.511,0.056
715207400001942,zr,58269.17858,12.401449,0.015657108,0.15132426,12.511,0.056
715107400005470,zg,58272.19715,12.932989,0.016751058,-0.033382397,13.019001,0.045
715107400005470,zg,58272.1981,12.959764,0.016680045,-0.03837901,13.019001,0.045
715207400001942,zr,58274.20193,12.362963,0.015708147,0.12530199,12.511,0.056
715107400005470,zg,58274.22388,12.949187,0.016708074,-0.03912987,13.019001,0.045
715307400010186,zi,58274.3636,12.722372,0.013536069,0.1832601,12.844,0.052
715107400005470,zg,58276.22145,12.931285,0.016755583,-0.07517128,13.019001,0.045
715107400005470,zg,58277.19481,12.97342,0.016643902,-0.0546613,13.019001,0.045
715207400001942,zr,58277.24161,12.352941,0.015721472,0.13636784,12.511,0.056
715307400010186,zi,58278.17457,12.706107,0.013551285,0.18368258,12.844,0.052
715107400005470,zg,58278.20275,12.908196,0.016816981,-0.013719288,13.019001,0.045
715207400001942,zr,58279.17412,12.379494,0.015686201,0.122994706,12.511,0.056
715107400005470,zg,58279.19175,12.978672,0.016630013,-0.047225703,13.019001,0.045
715107400005470,zg,58279.2031,12.970932,0.016650481,-0.06331524,13.019001,0.045
715107400005470,zg,58280.23781,12.962658,0.016672378,-0.06893385,13.019001,0.045
715307400010186,zi,58282.18381,12.718555,0.013539635,0.18768434,12.844,0.052
715107400005470,zg,58282.24589,12.976771,0.016635038,-0.05146203,13.019001,0.045
715107400005470,zg,58283.25523,12.973869,0.016642714,-0.05233812,13.019001,0.045
715207400001942,zr,58284.20147,12.434526,0.0156134125,0.1310297,12.511,0.056
715107400005470,zg,58284.22209,12.934301,0.016747572,-0.037223425,13.019001,0.045
715307400010186,zi,58286.1754,12.714718,0.013543223,0.1842708,12.844,0.052
715107400005470,zg,58288.21796,12.947606,0.016712265,-0.04965629,13.019001,0.045
715307400010186,zi,58292.18065,12.722284,0.013536151,0.1830599,12.844,0.052
715107400005470,zg,58292.20069,12.981298,0.016623072,-0.015609309,13.019001,0.045
715207400001942,zr,58295.23851,12.411694,0.01564356,0.1280637,12.511,0.056
715107400005470,zg,58298.17996,13.077078,0.016371258,-0.12046171,13.019001,0.045
715207400001942,zr,58298.25682,12.450097,0.015592896,0.1262898,12.511,0.056
715207400001942,zr,58301.17604,12.47226,0.015563754,0.11230532,12.511,0.056
715107400005470,zg,58301.27756,13.045352,0.016454373,-0.07501393,13.019001,0.045
715107400005470,zg,58304.19565,13.012737,0.016540125,-0.05490789,13.019001,0.045
715207400001942,zr,58319.20836,12.421974,0.015629975,0.12727155,12.511,0.056
715207400001942,zr,58336.19805,12.367715,0.015701834,0.1306647,12.511,0.056
715107400005470,zg,58423.49088,12.769195,0.017189438,-0.04505485,13.019001,0.045
715207400001942,zr,58423.54375,12.317298,0.015768966,0.10914326,12.511,0.056
715107400005470,zg,58426.48851,12.881996,0.016886823,-0.08776431,13.019001,0.045
715207400001942,zr,58426.54381,12.3406515,0.015737828,0.10470875,12.511,0.056
715107400005470,zg,58429.47191,12.911076,0.016809318,-0.060986336,13.019001,0.045
715107400005470,zg,58432.48781,12.88456,0.016879983,-0.051877484,13.019001,0.045
715107400005470,zg,58437.50993,12.825987,0.017036699,-0.059417747,13.019001,0.045
715107400005470,zg,58438.49207,12.87148,0.016914906,-0.060908988,13.019001,0.045
1713113300001769,zg,58439.51599,12.801819,0.021137485,-0.030645667,12.885001,0.042
715107400005470,zg,58440.48524,12.918509,0.016789544,-0.067507945,13.019001,0.045
715107400005470,zg,58441.48693,12.922844,0.016778015,-0.09266787,13.019001,0.045
715207400001942,zr,58447.47212,12.308354,0.015780909,0.108140126,12.511,0.056
715207400001942,zr,58447.47303,12.276125,0.015824035,0.10577872,12.511,0.056
715207400001942,zr,58448.50379,12.325137,0.015758505,0.102405556,12.511,0.056
715207400001942,zr,58448.54892,12.336981,0.015742717,0.11235775,12.511,0.056
715107400005470,zg,58450.5088,12.864598,0.016933296,-0.0416866,13.019001,0.045
715107400005470,zg,58450.51461,12.884533,0.016880054,-0.060945936,13.019001,0.045
715207400001942,zr,58450.52431,12.347778,0.015728341,0.0767776,12.511,0.056
715207400001942,zr,58455.46616,12.281773,0.015816467,0.10490319,12.511,0.056
715207400001942,zr,58461.54986,12.327049,0.015755957,0.10739517,12.511,0.056
715107400005470,zg,58464.51187,12.894697,0.016852943,-0.11633745,13.019001,0.045
715107400005470,zg,58464.51281,12.913419,0.016803084,-0.122547425,13.019001,0.045
715207400001942,zr,58465.50909,12.331652,0.015749818,0.09013734,12.511,0.056
715107400005470,zg,58468.55059,12.87061,0.016917229,-0.07120011,13.019001,0.045
715107400005470,zg,58469.51615,12.868829,0.016921988,-0.08276961,13.019001,0.045
715107400005470,zg,58471.50991,12.855747,0.016956968,-0.043854315,13.019001,0.045
715107400005470,zg,58471.51083,12.876457,0.01690161,-0.08478064,13.019001,0.045
715207400001942,zr,58471.55217,12.339587,0.015739245,0.11639766,12.511,0.056
715107400005470,zg,58472.51737,12.870311,0.016918028,-0.051544867,13.019001,0.045
715207400001942,zr,58474.49476,12.401481,0.015657067,0.11322671,12.511,0.056
715107400005470,zg,58480.51804,12.879439,0.016893648,-0.080609754,13.019001,0.045
715207400001942,zr,58480.55854,12.332242,0.015749032,0.114083104,12.511,0.056
1713113300001769,zg,58482.53222,12.848471,0.021001207,-0.0451803,12.885001,0.042
715107400005470,zg,58486.53759,12.855891,0.016956583,-0.07316949,13.019001,0.045
715107400005470,zg,58486.53851,12.858078,0.016950732,-0.060095377,13.019001,0.045
1713113300001769,zg,58487.47952,12.866289,0.020949276,-0.061042003,12.885001,0.042
715107400005470,zg,58487.49027,12.891786,0.016860709,-0.083477974,13.019001,0.045
715207400001942,zr,58487.53949,12.295885,0.015797576,0.113043696,12.511,0.056
715107400005470,zg,58491.47365,12.877509,0.016898802,-0.07954663,13.019001,0.045
715107400005470,zg,58491.47458,12.862335,0.016939348,-0.07140995,13.019001,0.045
715207400001942,zr,58491.54148,12.355077,0.015718631,0.11451833,12.511,0.056
715207400001942,zr,58491.54239,12.344341,0.015732916,0.11038728,12.511,0.056
715207400001942,zr,58492.48901,12.375923,0.015690938,0.109120086,12.511,0.056
715107400005470,zg,58492.52912,12.861798,0.016940782,-0.05113242,13.019001,0.045
715107400005470,zg,58493.53294,12.946661,0.016714772,-0.10602544,13.019001,0.045
715207400001942,zr,58494.44429,12.390075,0.015672171,0.10417481,12.511,0.056
715207400001942,zr,58494.45276,12.372083,0.015696036,0.116324835,12.511,0.056
715107400005470,zg,58494.49596,12.911692,0.016807677,-0.06947638,13.019001,0.045
715107400005470,zg,58494.49737,12.941757,0.016727785,-0.09835969,13.019001,0.045
715107400005470,zg,58502.47892,12.978582,0.016630251,-0.07805586,13.019001,0.045
715107400005470,zg,58502.47989,12.928889,0.016761947,-0.054154124,13.019001,0.045
715107400005470,zg,58505.4511,12.90436,0.016827198,-0.07341542,13.019001,0.045
715107400005470,zg,58505.45203,12.892057,0.016859982,-0.06441111,13.019001,0.045
715107400005470,zg,58506.49046,12.912399,0.016805794,-0.051976327,13.019001,0.045
1713113300001769,zg,58506.49693,12.874499,0.02092537,-0.022692177,12.885001,0.042
715207400001942,zr,58506.55734,12.324084,0.015759911,0.12481154,12.511,0.056
715107400005470,zg,58507.48309,12.928087,0.01676408,-0.04735677,13.019001,0.045
1713113300001769,zg,58507.51065,12.911332,0.0208183,-0.05563911,12.885001,0.042
715207400001942,zr,58508.46752,12.392138,0.015669437,0.11158866,12.511,0.056
715207400001942,zr,58508.47659,12.360588,0.015711302,0.122643284,12.511,0.056
715107400005470,zg,58508.53682,12.835467,0.017011276,-0.038913928,13.019001,0.045
715107400005470,zg,58508.54159,12.906563,0.016821334,-0.05760433,13.019001,0.045
715207400001942,zr,58509.48992,12.376638,0.015689988,0.1194349,12.511,0.056
715107400005470,zg,58509.5115,12.856071,0.016956098,-0.04626597,13.019001,0.045
715207400001942,zr,58511.40576,12.368468,0.015700834,0.10905907,12.511,0.056
715107400005470,zg,58511.45341,12.943363,0.016723521,-0.07795974,13.019001,0.045
715107400005470,zg,58511.45438,12.884121,0.016881151,-0.06384797,13.019001,0.045
1713113300001769,zg,58522.46035,12.800217,0.021142172,-0.02330475,12.885001,0.042
715107400005470,zg,58522.48843,12.873373,0.016909847,-0.061585147,13.019001,0.045
715107400005470,zg,58522.48937,12.85901,0.01694824,-0.048223358,13.019001,0.045
715207400001942,zr,58522.53916,12.356338,0.015716955,0.11757281,12.511,0.056
715207400001942,zr,58522.542,12.271667,0.01583001,0.12262073,12.511,0.056
715107400005470,zg,58524.43092,12.855206,0.016958417,-0.04685891,13.019001,0.045
715107400005470,zg,58526.45048,12.853822,0.016962118,-0.030938694,13.019001,0.045
715107400005470,zg,58526.45139,12.842559,0.016992273,-0.036105946,13.019001,0.045
715207400001942,zr,58526.4975,12.276897,0.015823,0.12338477,12.511,0.056
715207400001942,zr,58526.49844,12.267559,0.015835518,0.1320316,12.511,0.056
715107400005470,zg,58534.29617,12.822479,0.017046113,-0.015691554,13.019001,0.045
715207400001942,zr,58534.40244,12.252218,0.015856108,0.13991304,12.511,0.056
715207400001942,zr,58534.40341,12.269583,0.015832804,0.14311895,12.511,0.056
715207400001942,zr,58538.35778,12.289798,0.015805723,0.12853171,12.511,0.056
715107400005470,zg,58540.3656,12.870984,0.016916227,-0.10126705,13.019001,0.045
1713113300001769,zg,58540.39496,12.817468,0.02109172,-0.04859149,12.885001,0.042
715107400005470,zg,58543.3153,12.812066,0.017074069,-0.046635598,13.019001,0.045
715307400010186,zi,58543.3222,12.645299,0.013608588,0.19012998,12.844,0.052
715207400001942,zr,58543.36654,12.309272,0.015779685,0.11576,12.511,0.056
715207400001942,zr,58543.3675,12.351871,0.015722897,0.10619259,12.511,0.056
715107400005470,zg,58547.32317,12.857193,0.016953098,-0.022751467,13.019001,0.045
715307400010186,zi,58547.43563,12.630633,0.013622503,0.19448736,12.844,0.052
715207400001942,zr,58556.29298,12.37107,0.01569738,0.12212756,12.511,0.056
715107400005470,zg,58556.36372,12.781912,0.017155172,-0.0123483,13.019001,0.045
715107400005470,zg,58556.37118,12.763263,0.017205436,-0.02033959,13.019001,0.045
715307400010186,zi,58556.41611,12.553964,0.013695829,0.19509783,12.844,0.052
715207400001942,zr,58557.36982,12.3854265,0.015678333,0.12616074,12.511,0.056
715207400001942,zr,58558.35295,12.353872,0.015720233,0.12658422,12.511,0.056
715207400001942,zr,58559.26068,12.392887,0.015668444,0.12219806,12.511,0.056
715107400005470,zg,58559.32296,12.979541,0.016627718,-0.1259714,13.019001,0.045
715107400005470,zg,58559.3239,12.992656,0.016593074,-0.11011365,13.019001,0.045
1713113300001769,zg,58560.23169,12.913199,0.02081288,-0.022685362,12.885001,0.042
715307400010186,zi,58560.31638,12.664703,0.013590232,0.20008609,12.844,0.052
715207400001942,zr,58560.35313,12.406413,0.015650542,0.13088994,12.511,0.056
1713113300001769,zg,58561.25017,12.926668,0.020773808,-0.024357567,12.885001,0.042
715107400005470,zg,58561.29912,13.064722,0.016403591,-0.11362004,13.019001,0.045
715107400005470,zg,58562.31295,13.015349,0.016533244,-0.10483564,13.019001,0.045
715207400001942,zr,58567.25223,12.239125,0.015873702,0.116632745,12.511,0.056
715107400005470,zg,58567.26418,12.848919,0.016975245,-0.03497366,13.019001,0.045
715107400005470,zg,58567.26511,12.86192,0.016940454,-0.037721947,13.019001,0.045
715307400010186,zi,58567.3522,12.673919,0.013581538,0.19997436,12.844,0.052
1713113300001769,zg,58567.41081,12.87724,0.020917393,-0.01830272,12.885001,0.042
715107400005470,zg,58568.25398,12.958855,0.016682453,-0.07560654,13.019001,0.045
715307400010186,zi,58572.24686,12.693579,0.013563038,0.18413408,12.844,0.052
715107400005470,zg,58572.26581,12.965372,0.016665196,-0.09219481,13.019001,0.045
715107400005470,zg,58572.26673,12.944304,0.016721023,-0.088407554,13.019001,0.045
715207400001942,zr,58572.31141,12.361231,0.015710449,0.11912979,12.511,0.056
715207400001942,zr,58572.31231,12.376104,0.015690697,0.112814285,12.511,0.056
715207400001942,zr,58573.26371,12.392683,0.015668716,0.12025791,12.511,0.056
715107400005470,zg,58573.30539,12.870726,0.016916921,-0.064298205,13.019001,0.045
715207400001942,zr,58575.253,12.268066,0.015834836,0.115070105,12.511,0.056
715107400005470,zg,58575.29111,12.97737,0.016633455,-0.07238858,13.019001,0.045
1713113300001769,zg,58580.24883,12.94527,0.02071991,-0.06492125,12.885001,0.042
715107400005470,zg,58580.26451,12.973506,0.016643675,-0.08964901,13.019001,0.045
715107400005470,zg,58580.26544,12.976755,0.01663508,-0.08097177,13.019001,0.045
715207400001942,zr,58581.27162,12.3839445,0.015680298,0.12087925,12.511,0.056
715307400010186,zi,58581.28519,12.685311,0.013570809,0.1856606,12.844,0.052
715107400005470,zg,58582.33273,12.908107,0.016817221,-0.0752551,13.019001,0.045
715107400005470,zg,58584.27685,12.954753,0.01669332,-0.087583646,13.019001,0.045
715107400005470,zg,58584.27781,12.952293,0.016699838,-0.09113386,13.019001,0.045
715207400001942,zr,58584.32226,12.38981,0.015672522,0.11027156,12.511,0.056
715207400001942,zr,58584.32318,12.39891,0.01566047,0.11694175,12.511,0.056
1713113300001769,zg,58585.20106,12.921748,0.020788075,-0.053606506,12.885001,0.042
715307400010186,zi,58585.23912,12.704067,0.013553197,0.18465771,12.844,0.052
715107400005470,zg,58585.28914,12.969741,0.01665363,-0.09088457,13.019001,0.045
715107400005470,zg,58586.26925,12.905832,0.016823279,-0.066658154,13.019001,0.045
1713113300001769,zg,58586.29574,12.888172,0.020885589,-0.042310018,12.885001,0.042
1713113300001769,zg,58587.22871,12.924782,0.020779278,-0.04090712,12.885001,0.042
715107400005470,zg,58587.2386,12.905513,0.016824128,-0.057128895,13.019001,0.045
715107400005470,zg,58587.37667,12.935669,0.016743943,-0.065482736,13.019001,0.045
715107400005470,zg,58588.2996,12.905009,0.01682547,-0.056387343,13.019001,0.045
715107400005470,zg,58589.15621,12.895514,0.016850768,-0.057493854,13.019001,0.045
715207400001942,zr,58589.26775,12.354757,0.015719058,0.1255928,12.511,0.056
715307400010186,zi,58591.28339,12.522474,0.013726214,0.17975321,12.844,0.052
715207400001942,zr,58591.3531,12.384338,0.015679777,0.12335298,12.511,0.056
715207400001942,zr,58592.26597,12.308268,0.015781026,0.14269124,12.511,0.056
715107400005470,zg,58594.22521,12.872552,0.016912041,-0.056861594,13.019001,0.045
715107400005470,zg,58594.22615,12.892434,0.016858976,-0.077690706,13.019001,0.045
715207400001942,zr,58594.34258,12.348417,0.01572749,0.11289417,12.511,0.056
715207400001942,zr,58594.34349,12.305093,0.015785268,0.11788379,12.511,0.056
715107400005470,zg,58596.22784,12.87777,0.016898105,-0.08498332,13.019001,0.045
715207400001942,zr,58596.26899,12.348224,0.015727747,0.12041455,12.511,0.056
715307400010186,zi,58596.34093,12.622571,0.0136301685,0.18497874,12.844,0.052
715107400005470,zg,58597.27934,12.865368,0.01693124,-0.07730102,13.019001,0.045
715107400005470,zg,58597.28036,12.879522,0.01689343,-0.085523315,13.019001,0.045
715207400001942,zr,58597.32483,12.289227,0.015806489,0.123718746,12.511,0.056
715107400005470,zg,58599.19791,12.824633,0.01704033,-0.089890145,13.019001,0.045
715107400005470,zg,58601.24634,12.849896,0.016972626,-0.081613444,13.019001,0.045
715107400005470,zg,58601.24724,12.861391,0.016941871,-0.09088522,13.019001,0.045
1713113300001769,zg,58601.25192,12.85832,0.020972494,-0.05488222,12.885001,0.042
715107400005470,zg,58606.39516,12.827477,0.017032702,-0.08126221,13.019001,0.045
715307400010186,zi,58607.26874,12.486807,0.013760812,0.18326636,12.844,0.052
715107400005470,zg,58609.2209,12.824173,0.017041568,-0.07757059,13.019001,0.045
715107400005470,zg,58612.26376,12.789707,0.017134184,-0.08307451,13.019001,0.045
715107400005470,zg,58619.2229,12.78902,0.017136034,-0.04955905,13.019001,0.045
715307400010186,zi,58628.18176,12.559174,0.013690815,0.17795575,12.844,0.052
715107400005470,zg,58628.19971,12.779856,0.017160708,-0.07210531,13.019001,0.045
715107400005470,zg,58628.20065,12.818339,0.017057225,-0.08293329,13.019001,0.045
715207400001942,zr,58632.18228,12.3042965,0.015786331,0.13475388,12.511,0.056
715107400005470,zg,58632.19395,12.878194,0.016896972,-0.07104279,13.019001,0.045
715107400005470,zg,58633.24127,12.827986,0.017031338,-0.057910472,13.019001,0.045
715107400005470,zg,58633.2422,12.906694,0.016820984,-0.08098072,13.019001,0.045
715107400005470,zg,58634.22153,12.896085,0.016849246,-0.07851093,13.019001,0.045
715107400005470,zg,58635.20267,12.799157,0.017108763,-0.0614302,13.019001,0.045
715107400005470,zg,58636.26158,12.89274,0.01685816,-0.09167465,13.019001,0.045
715107400005470,zg,58636.26248,12.897456,0.016845593,-0.08147209,13.019001,0.045
715207400001942,zr,58637.19768,12.336312,0.015743608,0.116959274,12.511,0.056
715107400005470,zg,58637.22537,12.898091,0.0168439,-0.07809534,13.019001,0.045
715107400005470,zg,58638.2005,12.90743,0.016819026,-0.07698884,13.019001,0.045
715207400001942,zr,58639.18529,12.350831,0.015724277,0.12257929,12.511,0.056
715307400010186,zi,58639.19589,12.561982,0.013688115,0.18343438,12.844,0.052
715107400005470,zg,58639.21951,12.862396,0.01693918,-0.062103495,13.019001,0.045
715107400005470,zg,58639.22043,12.866791,0.016927434,-0.06796966,13.019001,0.045
715107400005470,zg,58640.19991,12.9003105,0.016837982,-0.0932141,13.019001,0.045
715107400005470,zg,58642.20157,12.872146,0.016913127,-0.101627246,13.019001,0.045
715307400010186,zi,58643.22421,12.534009,0.013715065,0.18479404,12.844,0.052
715107400005470,zg,58645.19693,12.818839,0.017055884,-0.08475909,13.019001,0.045
715107400005470,zg,58648.18228,12.811153,0.01707652,-0.06991394,13.019001,0.045
715207400001942,zr,58648.19286,12.274095,0.015826756,0.1170973,12.511,0.056
715307400010186,zi,58648.28527,12.548634,0.01370096,0.1823875,12.844,0.052
715107400005470,zg,58651.17449,12.8622675,0.016939526,-0.054603543,13.019001,0.045
715307400010186,zi,58652.24754,12.521141,0.013727503,0.18770525,12.844,0.052
715107400005470,zg,58654.23686,12.804298,0.017094942,-0.05816498,13.019001,0.045
715107400005470,zg,58658.20171,12.806616,0.017088713,-0.07604905,13.019001,0.045
715107400005470,zg,58661.22337,12.769194,0.017189441,-0.055593938,13.019001,0.045
715107400005470,zg,58667.20363,12.777351,0.017167455,-0.06854082,13.019001,0.045
715207400001942,zr,58670.18486,12.210971,0.015911609,0.1318194,12.511,0.056
715107400005470,zg,58670.20137,12.759721,0.01721499,-0.057391573,13.019001,0.045
715107400005470,zg,58673.18543,12.734737,0.01728247,-0.060631283,13.019001,0.045
715107400005470,zg,58676.18211,12.770036,0.017187173,-0.059534267,13.019001,0.045
715107400005470,zg,58677.1794,12.752697,0.017233951,-0.05259521,13.019001,0.045
715107400005470,zg,58679.17766,12.843303,0.016990282,-0.088001505,13.019001,0.045
715107400005470,zg,58680.1765,12.711367,0.01734572,-0.044275273,13.019001,0.045
715207400001942,zr,58680.24091,12.22633,0.015890917,0.12564728,12.511,0.056
715207400001942,zr,58681.23543,12.17133,0.01596514,0.12912692,12.511,0.056
715107400005470,zg,58683.1904,12.741929,0.01726303,-0.04244331,13.019001,0.045
715107400005470,zg,58685.17797,12.741679,0.017263707,-0.07547276,13.019001,0.045
715107400005470,zg,58686.1715,12.749075,0.017243726,-0.061331064,13.019001,0.045
715107400005470,zg,58686.17333,12.716378,0.017332144,-0.05238121,13.019001,0.045
715107400005470,zg,58688.19575,12.743351,0.01725919,-0.057575848,13.019001,0.045
715107400005470,zg,58692.19925,12.730592,0.017293682,-0.043872446,13.019001,0.045
715107400005470,zg,58779.51312,12.651217,0.017509036,-0.062100045,13.019001,0.045
715207400001942,zr,58785.50712,12.105662,0.016054204,0.12444857,12.511,0.056
715107400005470,zg,58789.51261,12.589123,0.01767841,-0.0805401,13.019001,0.045
715207400001942,zr,58792.50982,12.054934,0.016123323,0.1269092,12.511,0.056
715107400005470,zg,58792.52964,12.628146,0.01757188,-0.08733619,13.019001,0.045
715107400005470,zg,58802.54967,12.649377,0.017514044,-0.076984264,13.019001,0.045
715107400005470,zg,58805.52474,12.657146,0.017492907,-0.10443474,13.019001,0.045
715107400005470,zg,58828.55964,12.658183,0.017490087,-0.07730904,13.019001,0.045
715207400001942,zr,58831.44764,12.028198,0.016159859,0.11013203,12.511,0.056
715107400005470,zg,58831.55252,12.647514,0.017519118,-0.06735811,13.019001,0.045
715207400001942,zr,58833.47155,12.064244,0.016110618,0.10989864,12.511,0.056
715107400005470,zg,58833.55671,12.576697,0.017712394,-0.06435269,13.019001,0.045
715207400001942,zr,58834.50497,11.893782,0.016344592,0.13223407,12.511,0.056
715107400005470,zg,58836.56988,12.707302,0.017356731,-0.080610275,13.019001,0.045
1713113300001769,zg,58836.57033,12.676191,0.02150656,-0.051383674,12.885001,0.042
1713113300001769,zg,58836.57078,12.670841,0.02152234,-0.05936222,12.885001,0.042
715207400001942,zr,58837.46572,12.094396,0.01606953,0.10735546,12.511,0.056
715107400005470,zg,58837.50761,12.587825,0.01768196,-0.03516043,13.019001,0.045
715107400005470,zg,58837.50807,12.610497,0.017620023,-0.036463995,13.019001,0.045
1713113300001769,zg,58837.51396,12.62783,0.021649403,-0.05119891,12.885001,0.042
1713113300001769,zg,58837.51441,12.63734,0.021621281,-0.049986403,12.885001,0.042
715107400005470,zg,58846.56345,12.693269,0.017394777,-0.12655602,13.019001,0.045
715207400001942,zr,58846.57971,12.209334,0.015913816,0.118187085,12.511,0.056
715107400005470,zg,58849.50678,12.697209,0.01738409,-0.1288232,13.019001,0.045
1713113300001769,zg,58851.53652,12.60212,0.0217255,-0.07011207,12.885001,0.042
1713113300001769,zg,58851.53697,12.618247,0.021677755,-0.081191786,12.885001,0.042
715107400005470,zg,58851.53742,12.657799,0.01749113,-0.095868245,13.019001,0.045
715107400005470,zg,58852.5404,12.680915,0.017428307,-0.123494014,13.019001,0.045
715207400001942,zr,58852.55403,12.030029,0.016157353,0.10069416,12.511,0.056
715307400010186,zi,58855.39224,12.303216,0.013941727,0.19085433,12.844,0.052
715307400010186,zi,58855.4023,12.344578,0.013900577,0.18851547,12.844,0.052
715107400005470,zg,58855.45011,12.612769,0.017613823,-0.08669936,13.019001,0.045
715107400005470,zg,58855.47622,12.609578,0.01762253,-0.080085285,13.019001,0.045
715107400005470,zg,58855.51258,12.599658,0.017649623,-0.112332486,13.019001,0.045
715207400001942,zr,58859.31532,12.058709,0.01611817,0.114134386,12.511,0.056
715307400010186,zi,58859.38886,12.26088,0.0139840655,0.18120417,12.844,0.052
715307400010186,zi,58859.40279,12.31087,0.013934095,0.17497684,12.844,0.052
715107400005470,zg,58859.53612,12.611271,0.017617913,-0.06881334,13.019001,0.045
715307400010186,zi,58861.36408,12.207144,0.014038113,0.18826675,12.844,0.052
715307400010186,zi,58861.41804,12.218493,0.01402667,0.18347165,12.844,0.052
715107400005470,zg,58861.47967,12.529423,0.017841958,-0.05884313,13.019001,0.045
715107400005470,zg,58861.49633,12.571547,0.01772649,-0.058523763,13.019001,0.045
715207400001942,zr,58861.53032,12.026433,0.016162274,0.12379622,12.511,0.056
715207400001942,zr,58862.36924,12.024315,0.01616517,0.12483054,12.511,0.056
715207400001942,zr,58862.37017,12.020313,0.016170649,0.12051488,12.511,0.056
715207400001942,zr,58862.39842,12.028327,0.016159682,0.11626227,12.511,0.056
715107400005470,zg,58862.46791,12.583617,0.017693466,-0.06239123,13.019001,0.045
715107400005470,zg,58862.46885,12.593399,0.017666724,-0.09418675,13.019001,0.045
715107400005470,zg,58862.48788,12.56538,0.017743373,-0.056820326,13.019001,0.045
715107400005470,zg,58863.43938,12.601349,0.017645003,-0.089330524,13.019001,0.045
715107400005470,zg,58863.44456,12.568711,0.017734254,-0.06424137,13.019001,0.045
715107400005470,zg,58864.43679,12.559196,0.017760308,-0.073025465,13.019001,0.045
715107400005470,zg,58864.45865,12.584976,0.017689748,-0.08254765,13.019001,0.045
715107400005470,zg,58866.55304,12.580834,0.017701078,-0.09878424,13.019001,0.045
715107400005470,zg,58866.55395,12.587592,0.017682597,-0.11157092,13.019001,0.045
715107400005470,zg,58866.57113,12.585955,0.017687073,-0.10909695,13.019001,0.045
715107400005470,zg,58867.4299,12.579853,0.01770376,-0.11174928,13.019001,0.045
715107400005470,zg,58867.44782,12.602897,0.017640775,-0.10947501,13.019001,0.045
715107400005470,zg,58871.43574,12.610608,0.017619718,-0.11225917,13.019001,0.045
715107400005470,zg,58871.45895,12.571716,0.017726026,-0.089686714,13.019001,0.045
715207400001942,zr,58871.50188,12.059199,0.0161175,0.11612703,12.511,0.056
715207400001942,zr,58871.51376,12.062985,0.016112335,0.10738978,12.511,0.056
715207400001942,zr,58871.51467,12.06436,0.016110461,0.11539805,12.511,0.056
715107400005470,zg,58872.42801,12.636758,0.017548408,-0.12005727,13.019001,0.045
715107400005470,zg,58873.36463,12.633258,0.017557945,-0.11798889,13.019001,0.045
715107400005470,zg,58873.40902,12.645878,0.017523574,-0.12275473,13.019001,0.045
715207400001942,zr,58875.31347,12.042854,0.016139822,0.1090457,12.511,0.056
715307400010186,zi,58875.36396,12.287909,0.01395701,0.18541247,12.844,0.052
715307400010186,zi,58875.41022,12.312381,0.01393259,0.18585883,12.844,0.052
715107400005470,zg,58876.37543,12.652223,0.017506301,-0.11253226,13.019001,0.045
715107400005470,zg,58876.38887,12.645059,0.017525803,-0.11765249,13.019001,0.045
715107400005470,zg,58877.39593,12.6011095,0.017645657,-0.09913943,13.019001,0.045
715207400001942,zr,58877.49088,12.086114,0.016080806,0.10372321,12.511,0.056
715107400005470,zg,58877.53364,12.645969,0.01752332,-0.12847716,13.019001,0.045
715107400005470,zg,58877.53458,12.62718,0.017574511,-0.122404024,13.019001,0.045
715207400001942,zr,58878.32571,12.022701,0.01616738,0.115585536,12.511,0.056
715207400001942,zr,58878.36765,12.046045,0.016135462,0.11549861,12.511,0.056
715107400005470,zg,58878.38967,12.588921,0.017678963,-0.10706864,13.019001,0.045
715307400010186,zi,58878.41011,12.273729,0.013971193,0.18851006,12.844,0.052
715307400010186,zi,58878.43236,12.23372,0.01401134,0.18557115,12.844,0.052
715107400005470,zg,58878.49653,12.606,0.0176323,-0.10247823,13.019001,0.045
715207400001942,zr,58879.35148,11.929735,0.016295016,0.12744683,12.511,0.056
715207400001942,zr,58879.3774,12.015953,0.016176617,0.12449427,12.511,0.056
715307400010186,zi,58879.39543,12.185002,0.014060479,0.19188596,12.844,0.052
715307400010186,zi,58879.43303,12.240135,0.01400489,0.191296,12.844,0.052
715107400005470,zg,58879.47998,12.522738,0.017860308,-0.064601354,13.019001,0.045
715107400005470,zg,58879.50009,12.594291,0.017664285,-0.11188958,13.019001,0.045
715107400005470,zg,58880.45918,12.641562,0.017535321,-0.10161456,13.019001,0.045
715107400005470,zg,58880.47165,12.5987625,0.017652066,-0.10159974,13.019001,0.045
715107400005470,zg,58880.47255,12.599402,0.017650321,-0.09320391,13.019001,0.045
715207400001942,zr,58881.32501,12.153935,0.015988683,0.11915877,12.511,0.056
715107400005470,zg,58881.45634,12.628993,0.01756957,-0.10762594,13.019001,0.045
715107400005470,zg,58881.47793,12.64611,0.017522942,-0.11834778,13.019001,0.045
715307400010186,zi,58883.35447,12.323123,0.013921895,0.18151511,12.844,0.052
715107400005470,zg,58883.43757,12.59428,0.017664317,-0.097485244,13.019001,0.045
715107400005470,zg,58883.46874,12.597798,0.017654702,-0.11401843,13.019001,0.045
715107400005470,zg,58883.47069,12.611874,0.017616265,-0.12742208,13.019001,0.045
715207400001942,zr,58883.51834,11.996547,0.016203204,0.11557691,12.511,0.056
715207400001942,zr,58883.5371,12.052847,0.016126173,0.10596261,12.511,0.056
715207400001942,zr,58883.53804,12.048069,0.016132697,0.11469525,12.511,0.056
715307400010186,zi,58884.34451,12.287272,0.013957646,0.18223703,12.844,0.052
715107400005470,zg,58884.43767,12.641331,0.017535953,-0.08467958,13.019001,0.045
715107400005470,zg,58884.45766,12.631455,0.017562857,-0.08920114,13.019001,0.045
715207400001942,zr,58884.48742,12.058579,0.016118348,0.11030615,12.511,0.056
715207400001942,zr,58884.51491,11.970185,0.016239377,0.122084126,12.511,0.056
715207400001942,zr,58885.23971,12.014048,0.016179226,0.118872054,12.511,0.056
715107400005470,zg,58885.43887,12.598201,0.017653603,-0.048960544,13.019001,0.045
715107400005470,zg,58885.45418,12.588726,0.017679496,-0.04339927,13.019001,0.045
715207400001942,zr,58885.51405,12.101231,0.01606023,0.115691714,12.511,0.056
715207400001942,zr,58886.29,12.114896,0.016041651,0.13384506,12.511,0.056
715107400005470,zg,58886.44112,12.5801935,0.01770283,-0.049147233,13.019001,0.045
715107400005470,zg,58886.44944,12.569426,0.0177323,-0.043915756,13.019001,0.045
715107400005470,zg,58886.45034,12.612609,0.01761426,-0.04667964,13.019001,0.045
715107400005470,zg,58887.25203,12.554696,0.01777264,-0.03192894,13.019001,0.045
715107400005470,zg,58887.26665,12.59707,0.017656693,-0.049680877,13.019001,0.045
715107400005470,zg,58888.28081,12.543137,0.01780433,-0.058509506,13.019001,0.045
715107400005470,zg,58888.30268,12.5815525,0.017699111,-0.06600903,13.019001,0.045
715207400001942,zr,58888.4563,12.042908,0.01613975,0.123022765,12.511,0.056
715207400001942,zr,58890.40486,12.074615,0.016096476,0.12055728,12.511,0.056
715207400001942,zr,58890.43826,12.001962,0.016195782,0.10857418,12.511,0.056
715107400005470,zg,58890.52447,12.546218,0.01779588,-0.071979955,13.019001,0.045
715107400005470,zg,58890.54268,12.533522,0.017830705,-0.039960824,13.019001,0.045
715107400005470,zg,58891.43146,12.558935,0.017761026,-0.057310596,13.019001,0.045
715107400005470,zg,58891.43237,12.560425,0.017756945,-0.06670596,13.019001,0.045
715107400005470,zg,58891.44753,12.600302,0.017647862,-0.075343736,13.019001,0.045
715207400001942,zr,58892.31163,12.014439,0.01617869,0.115260184,12.511,0.056
715107400005470,zg,58892.37664,12.588786,0.01767933,-0.09266288,13.019001,0.045
715107400005470,zg,58892.39711,12.584116,0.017692102,-0.08102628,13.019001,0.045
715107400005470,zg,58893.44797,12.586362,0.017685963,-0.09478188,13.019001,0.045
715107400005470,zg,58893.46956,12.57848,0.017707517,-0.080216296,13.019001,0.045
715107400005470,zg,58894.35319,12.576636,0.017712563,-0.09770165,13.019001,0.045
715107400005470,zg,58894.35412,12.60074,0.017646667,-0.101928726,13.019001,0.045
715107400005470,zg,58894.36473,12.593996,0.01766509,-0.104436524,13.019001,0.045
715107400005470,zg,58895.39695,12.622412,0.017587516,-0.11343593,13.019001,0.045
715107400005470,zg,58895.41406,12.600218,0.017648092,-0.09579941,13.019001,0.045
715107400005470,zg,58899.39679,12.590518,0.017674597,-0.12040019,13.019001,0.045
715107400005470,zg,58899.41491,12.563721,0.017747918,-0.084083535,13.019001,0.045
715107400005470,zg,58899.41582,12.590435,0.017674826,-0.120224625,13.019001,0.045
715107400005470,zg,58900.35434,12.585421,0.017688533,-0.116681896,13.019001,0.045
715107400005470,zg,58900.35527,12.569112,0.017733155,-0.110627905,13.019001,0.045
715107400005470,zg,58900.3883,12.565588,0.017742801,-0.11059341,13.019001,0.045
715207400001942,zr,58900.42771,12.04784,0.016133009,0.11588515,12.511,0.056
715207400001942,zr,58901.45142,12.056553,0.016121114,0.1237663,12.511,0.056
715207400001942,zr,58901.47216,12.041871,0.016141165,0.11319367,12.511,0.056
715107400005470,zg,58903.34515,12.598245,0.017653482,-0.115621425,13.019001,0.045
715107400005470,zg,58903.34609,12.587874,0.017681826,-0.11120218,13.019001,0.045
715107400005470,zg,58904.29076,12.583946,0.017692566,-0.10392042,13.019001,0.045
715107400005470,zg,58904.30412,12.603223,0.017639883,-0.10554838,13.019001,0.045
715107400005470,zg,58904.439,12.52467,0.017855005,-0.07525772,13.019001,0.045
715207400001942,zr,58904.46973,12.034786,0.016150847,0.12124789,12.511,0.056
715207400001942,zr,58904.47065,12.030873,0.0161562,0.1221216,12.511,0.056
715107400005470,zg,58905.28268,12.562593,0.017751003,-0.08185772,13.019001,0.045
715107400005470,zg,58905.28358,12.572604,0.017723594,-0.09280839,13.019001,0.045
715107400005470,zg,58905.30381,12.56028,0.01775734,-0.077588,13.019001,0.045
715307400010186,zi,58905.35705,12.20687,0.014038389,0.18370375,12.844,0.052
715307400010186,zi,58905.37825,12.129867,0.014116407,0.18654399,12.844,0.052
715107400005470,zg,58906.32464,12.596978,0.017656943,-0.10664356,13.019001,0.045
715107400005470,zg,58906.32557,12.608896,0.017624393,-0.10385783,13.019001,0.045
715107400005470,zg,58906.35197,12.597553,0.017655373,-0.08742441,13.019001,0.045
715207400001942,zr,58906.47617,12.066799,0.016107133,0.11940576,12.511,0.056
715207400001942,zr,58906.5004,12.041006,0.016142348,0.12111739,12.511,0.056
715307400010186,zi,58907.32748,12.278019,0.013966899,0.18350132,12.844,0.052
715107400005470,zg,58908.33416,12.591059,0.01767312,-0.10068906,13.019001,0.045
715107400005470,zg,58909.2444,12.511511,0.017891152,-0.07355426,13.019001,0.045
715107400005470,zg,58909.26526,12.430536,0.018114263,-0.054327838,13.019001,0.045
715307400010186,zi,58909.37236,12.12956,0.014116719,0.19238946,12.844,0.052
715207400001942,zr,58911.2237,11.960982,0.016252024,0.10338871,12.511,0.056
715207400001942,zr,58911.25057,11.986074,0.016217565,0.114116155,12.511,0.056
715307400010186,zi,58911.3298,12.290941,0.013953979,0.18414198,12.844,0.052
715107400005470,zg,58911.3775,12.541051,0.01781005,-0.0725599,13.019001,0.045
715107400005470,zg,58911.39595,12.577265,0.017710842,-0.09851116,13.019001,0.045
715107400005470,zg,58911.4108,12.570242,0.017730065,-0.10430361,13.019001,0.045
715207400001942,zr,58911.44788,12.069483,0.016103473,0.11713513,12.511,0.056
715107400005470,zg,58912.27129,12.606526,0.017630862,-0.057766605,13.019001,0.045
715107400005470,zg,58912.28183,12.618286,0.017598769,-0.081673235,13.019001,0.045
715107400005470,zg,58912.51413,12.609292,0.01762331,-0.10814161,13.019001,0.045
715107400005470,zg,58913.31378,12.613795,0.017611021,-0.0829539,13.019001,0.045
715107400005470,zg,58913.33056,12.596794,0.017657444,-0.06626191,13.019001,0.045
715107400005470,zg,58913.33148,12.594263,0.017664362,-0.083420366,13.019001,0.045
715207400001942,zr,58913.47563,12.056827,0.01612074,0.115581736,12.511,0.056
715107400005470,zg,58914.24847,12.562017,0.01775258,-0.029745115,13.019001,0.045
715107400005470,zg,58914.4346,12.656411,0.017494906,-0.078059874,13.019001,0.045
715107400005470,zg,58914.43596,12.607666,0.017627751,-0.088208035,13.019001,0.045
715107400005470,zg,58915.25035,12.588821,0.017679233,-0.05805486,13.019001,0.045
715107400005470,zg,58915.45612,12.628123,0.017571941,-0.07999367,13.019001,0.045
715107400005470,zg,58915.45749,12.597551,0.017655376,-0.07031282,13.019001,0.045
715107400005470,zg,58936.30638,12.597703,0.017654961,-0.111805685,13.019001,0.045
715107400005470,zg,58939.3298,12.580385,0.017702308,-0.08373536,13.019001,0.045
715107400005470,zg,58939.34668,12.606735,0.017630292,-0.103245415,13.019001,0.045
715107400005470,zg,58940.37152,12.5691,0.017733186,-0.0785705,13.019001,0.045
715107400005470,zg,58941.24578,12.620633,0.017592365,-0.083899364,13.019001,0.045
715107400005470,zg,58941.26774,12.588412,0.017680354,-0.07380284,13.019001,0.045
715207400001942,zr,58941.37472,12.084799,0.016082596,0.109536454,12.511,0.056
715107400005470,zg,58944.42604,12.629524,0.01756812,-0.07782046,13.019001,0.045
715107400005470,zg,58954.29167,12.585797,0.017687505,-0.11125004,13.019001,0.045
715107400005470,zg,58954.30635,12.56985,0.017731136,-0.10961587,13.019001,0.045
715307400010186,zi,58954.32764,12.263248,0.013981692,0.18820733,12.844,0.052
715307400010186,zi,58954.34019,12.284069,0.013960848,0.18826905,12.844,0.052
715107400005470,zg,58955.30988,12.594961,0.017662456,-0.11322075,13.019001,0.045
715107400005470,zg,58955.32544,12.610273,0.017620634,-0.11806181,13.019001,0.045
715307400010186,zi,58955.38202,12.300781,0.013944156,0.186041,12.844,0.052
715107400005470,zg,58962.24306,12.484291,0.017966025,-0.102043346,13.019001,0.045
715107400005470,zg,58963.32009,12.563268,0.017749159,-0.0826056,13.019001,0.045
715307400010186,zi,58964.3018,12.00496,0.014244275,0.18063267,12.844,0.052
715107400005470,zg,58965.24156,12.554934,0.017771987,-0.06995161,13.019001,0.045
715207400001942,zr,58965.28274,11.795578,0.016480574,0.12047259,12.511,0.056
715107400005470,zg,58968.26242,12.602991,0.017640514,-0.093051724,13.019001,0.045
1713113300001769,zg,58968.26382,12.548688,0.021884006,-0.06636708,12.885001,0.042
1713113300001769,zg,58968.2643,12.510957,0.021996208,-0.08195455,12.885001,0.042
715107400005470,zg,58968.28089,12.575929,0.017714499,-0.08081815,13.019001,0.045
715307400010186,zi,58968.32779,12.2373905,0.014007649,0.18023881,12.844,0.052
715107400005470,zg,58970.24182,12.570698,0.017728811,-0.081942074,13.019001,0.045
715107400005470,zg,58971.26294,12.562615,0.017750945,-0.0646112,13.019001,0.045
715107400005470,zg,58971.26388,12.578805,0.017706629,-0.076415464,13.019001,0.045
715107400005470,zg,58972.22492,12.5407,0.017811012,-0.060102735,13.019001,0.045
715307400010186,zi,58972.30013,12.244083,0.014000924,0.17436716,12.844,0.052
715107400005470,zg,58973.22903,12.565696,0.017742507,-0.04101919,13.019001,0.045
715107400005470,zg,58974.20241,12.555489,0.017770467,-0.044334162,13.019001,0.045
715107400005470,zg,58974.20337,12.565412,0.017743288,-0.05109482,13.019001,0.045
715107400005470,zg,58975.24784,12.518096,0.01787306,-0.033023067,13.019001,0.045
715107400005470,zg,58978.17358,12.600035,0.017648593,-0.09521123,13.019001,0.045
715107400005470,zg,58979.22703,12.590907,0.017673535,-0.09689663,13.019001,0.045
715107400005470,zg,58980.20246,12.591669,0.017671453,-0.11907577,13.019001,0.045
715107400005470,zg,58980.2034,12.587452,0.017682977,-0.12145583,13.019001,0.045
715107400005470,zg,58981.2095,12.570121,0.017730393,-0.10023628,13.019001,0.045
715307400010186,zi,58981.34121,12.297763,0.013947167,0.1885973,12.844,0.052
715107400005470,zg,58986.19835,12.4908695,0.017947916,-0.09443783,13.019001,0.045
715107400005470,zg,58987.23503,12.526124,0.017851012,-0.121408075,13.019001,0.045
715107400005470,zg,58991.18406,12.515242,0.017880904,-0.09072232,13.019001,0.045
715107400005470,zg,58991.185,12.561088,0.017755128,-0.090622835,13.019001,0.045
715107400005470,zg,58992.19861,12.570305,0.017729891,-0.11706184,13.019001,0.045
715107400005470,zg,58993.24758,12.561821,0.01775312,-0.09711718,13.019001,0.045
715107400005470,zg,58994.25026,12.572956,0.01772263,-0.092767626,13.019001,0.045
715107400005470,zg,58994.25119,12.574132,0.017719414,-0.089886725,13.019001,0.045
715107400005470,zg,58995.2057,12.571169,0.017727522,-0.09626968,13.019001,0.045
715107400005470,zg,58996.20793,12.570171,0.017730255,-0.08638,13.019001,0.045
715107400005470,zg,58997.18005,12.561004,0.017755358,-0.062658444,13.019001,0.045
715107400005470,zg,58997.18098,12.579001,0.01770609,-0.07380795,13.019001,0.045
715107400005470,zg,58998.19762,12.573053,0.017722365,-0.0787052,13.019001,0.045
715107400005470,zg,58999.22711,12.614401,0.01760937,-0.06512504,13.019001,0.045
715207400001942,zr,58999.28486,12.015434,0.016177326,0.12032554,12.511,0.056
715107400005470,zg,59001.17265,12.638347,0.017544081,-0.070578404,13.019001,0.045
715107400005470,zg,59001.17359,12.608192,0.017626315,-0.07330296,13.019001,0.045
715107400005470,zg,59004.19525,12.621943,0.017588792,-0.03542644,13.019001,0.045
715207400001942,zr,59009.1745,12.096609,0.016066518,0.12865467,12.511,0.056
715107400005470,zg,59009.2369,12.630402,0.017565731,-0.05747882,13.019001,0.045
715307400010186,zi,59014.27676,12.465547,0.013781523,0.18777034,12.844,0.052
715107400005470,zg,59019.26276,12.738767,0.01727158,-0.091127336,13.019001,0.045
715307400010186,zi,59023.25749,12.476458,0.013770886,0.1830664,12.844,0.052
715207400001942,zr,59025.17074,12.052406,0.016126772,0.11255213,12.511,0.056
715107400005470,zg,59028.20471,12.861348,0.016941987,-0.059180144,13.019001,0.045
715207400001942,zr,59028.2167,12.264253,0.015839953,0.11966303,12.511,0.056
715307400010186,zi,59029.18126,12.571183,0.013679277,0.18504356,12.844,0.052
715107400005470,zg,59031.17618,12.861643,0.016941197,-0.066102915,13.019001,0.045
715207400001942,zr,59031.2178,12.295411,0.015798211,0.12448267,12.511,0.056
715307400010186,zi,59033.25547,12.567419,0.013682891,0.1748764,12.844,0.052
715107400005470,zg,59036.19777,12.741471,0.01726427,-0.053636137,13.019001,0.045
715207400001942,zr,59036.27753,12.21162,0.015910733,0.12652661,12.511,0.056
715107400005470,zg,59039.17633,12.714572,0.017337037,-0.060242333,13.019001,0.045
715207400001942,zr,59039.21457,11.944561,0.016274605,0.11825802,12.511,0.056
715307400010186,zi,59041.1794,12.398288,0.013847472,0.18540613,12.844,0.052
715307400010186,zi,59045.17905,12.492476,0.013755299,0.18420847,12.844,0.052
715107400005470,zg,59045.23717,12.775791,0.017171662,-0.062000252,13.019001,0.045
715307400010186,zi,59049.24183,12.565585,0.013684653,0.19020249,12.844,0.052
715307400010186,zi,59057.16277,12.554392,0.013695416,0.18050422,12.844,0.052
715307400010186,zi,59057.2257,12.5749855,0.013675629,0.19315006,12.844,0.052
715207400001942,zr,59060.16053,12.245045,0.015865747,0.13640465,12.511,0.056
715207400001942,zr,59060.16539,12.242607,0.015869021,0.12407327,12.511,0.056
715307400010186,zi,59061.18846,12.571145,0.013679314,0.18854463,12.844,0.052
715207400001942,zr,59062.15895,12.278883,0.01582034,0.11937677,12.511,0.056
715207400001942,zr,59062.1639,12.226325,0.015890924,0.13115445,12.511,0.056
715207400001942,zr,59062.16885,12.239597,0.015873069,0.12607303,12.511,0.056
715207400001942,zr,59062.1738,12.22126,0.015897743,0.13614543,12.511,0.056
715207400001942,zr,59062.17825,12.245719,0.01586484,0.12459321,12.511,0.056
715207400001942,zr,59064.15577,12.309334,0.0157796,0.12649927,12.511,0.056
715207400001942,zr,59064.16065,12.2493515,0.015859958,0.11602024,12.511,0.056
715207400001942,zr,59064.16554,12.286992,0.01580948,0.12205528,12.511,0.056
715207400001942,zr,59064.17041,12.247265,0.015862763,0.1245146,12.511,0.056
715207400001942,zr,59064.1753,12.276684,0.015823286,0.12573187,12.511,0.056
715207400001942,zr,59066.15328,12.266271,0.015837247,0.122435175,12.511,0.056
715207400001942,zr,59066.15805,12.264073,0.015840193,0.13550901,12.511,0.056
715207400001942,zr,59066.16283,12.256803,0.015849954,0.12814951,12.511,0.056
715207400001942,zr,59066.1676,12.265668,0.015838053,0.12545593,12.511,0.056
715207400001942,zr,59066.17237,12.252161,0.015856184,0.13651708,12.511,0.056
715207400001942,zr,59068.15214,12.301609,0.015789924,0.095314026,12.511,0.056
715207400001942,zr,59068.15691,12.292838,0.015801655,0.13335943,12.511,0.056
715207400001942,zr,59068.16169,12.276974,0.015822897,0.1204462,12.511,0.056
715207400001942,zr,59068.16647,12.276088,0.015824085,0.13011919,12.511,0.056
715207400001942,zr,59068.17123,12.269805,0.015832508,0.12066233,12.511,0.056
715207400001942,zr,59072.14914,12.345441,0.01573145,0.12143619,12.511,0.056
715207400001942,zr,59072.15404,12.350437,0.015724804,0.1274936,12.511,0.056
715207400001942,zr,59072.15898,12.317034,0.01576932,0.12508217,12.511,0.056
715207400001942,zr,59072.16389,12.299349,0.015792945,0.13718344,12.511,0.056
715207400001942,zr,59072.16828,12.328857,0.015753543,0.13154049,12.511,0.056
715207400001942,zr,59074.15064,12.3572855,0.015715696,0.11817228,12.511,0.056
715207400001942,zr,59074.15561,12.271651,0.01583003,0.1510834,12.511,0.056
715207400001942,zr,59074.16058,12.2978115,0.015795002,0.12531742,12.511,0.056
715207400001942,zr,59076.14333,12.389234,0.015673285,0.12398242,12.511,0.056
715207400001942,zr,59076.14833,12.303547,0.015787333,0.12456896,12.511,0.056
715207400001942,zr,59076.15333,12.223482,0.015894752,0.112173244,12.511,0.056
715207400001942,zr,59076.15832,12.308787,0.015780332,0.13977854,12.511,0.056
715207400001942,zr,59076.16331,12.344909,0.01573216,0.129905,12.511,0.056
715207400001942,zr,59078.14298,12.373463,0.015694203,0.11998116,12.511,0.056
715207400001942,zr,59078.14793,12.349662,0.015725834,0.12139301,12.511,0.056
715207400001942,zr,59078.1529,12.339434,0.015739448,0.12568896,12.511,0.056
715207400001942,zr,59078.15785,12.320859,0.015764214,0.12705615,12.511,0.056
715207400001942,zr,59078.1628,12.349952,0.015725449,0.13092673,12.511,0.056
715207400001942,zr,59080.14019,12.448681,0.01559476,0.115837485,12.511,0.056
715207400001942,zr,59080.145,12.347926,0.015728144,0.12227404,12.511,0.056
715207400001942,zr,59080.15462,12.406027,0.015651053,0.12848897,12.511,0.056
715207400001942,zr,59080.15943,12.413446,0.015641242,0.11938673,12.511,0.056
715307400010186,zi,59081.15046,12.769238,0.013492497,0.18288398,12.844,0.052
715207400001942,zr,59082.13898,12.386186,0.015677327,0.1512321,12.511,0.056
715207400001942,zr,59082.14388,12.4000435,0.015658969,0.13878328,12.511,0.056
715207400001942,zr,59082.14878,12.381942,0.015682954,0.13036044,12.511,0.056
715207400001942,zr,59082.15366,12.368322,0.015701028,0.13620591,12.511,0.056
715207400001942,zr,59082.15854,12.400008,0.015659016,0.13856052,12.511,0.056
715207400001942,zr,59084.13642,12.38977,0.015672576,0.13151845,12.511,0.056
715207400001942,zr,59084.14131,12.373084,0.015694706,0.13460408,12.511,0.056
715207400001942,zr,59084.14619,12.421647,0.015630407,0.12929991,12.511,0.056
715207400001942,zr,59084.15108,12.44337,0.015601755,0.1161839,12.511,0.056
715207400001942,zr,59152.48863,11.922252,0.016305326,0.118824296,12.511,0.056
715107400005470,zg,59152.54516,12.458847,0.018036133,-0.07540984,13.019001,0.045
715107400005470,zg,59155.51705,12.448673,0.018064193,-0.05529778,13.019001,0.045
715207400001942,zr,59157.49565,11.958754,0.016255088,0.1148462,12.511,0.056
715107400005470,zg,59157.52112,12.415271,0.01815645,-0.055837646,13.019001,0.045
715107400005470,zg,59165.51245,12.399409,0.018200325,-0.08324713,13.019001,0.045
715107400005470,zg,59168.51334,12.367956,0.018287446,-0.083867386,13.019001,0.045
715307400010186,zi,59168.54412,12.027527,0.014221059,0.18443699,12.844,0.052
715107400005470,zg,59170.4917,12.396238,0.0182091,-0.07955299,13.019001,0.045
715107400005470,zg,59176.50678,12.4082985,0.018175732,-0.10236347,13.019001,0.045
715207400001942,zr,59176.55841,11.8418455,0.016416408,0.122673884,12.511,0.056
715107400005470,zg,59179.49043,12.394809,0.018213054,-0.10922988,13.019001,0.045
715107400005470,zg,59182.55767,12.371504,0.01827761,-0.07632488,13.019001,0.045
715107400005470,zg,59185.50228,12.384823,0.018240707,-0.08373205,13.019001,0.045
715107400005470,zg,59186.51735,12.212864,0.018719222,-0.053315617,13.019001,0.045
715207400001942,zr,59187.49595,11.741273,0.01655611,0.115886904,12.511,0.056
715107400005470,zg,59187.53787,12.33324,0.018383788,-0.07851631,13.019001,0.045
715107400005470,zg,59189.51239,12.349213,0.018339437,-0.07725947,13.019001,0.045
715107400005470,zg,59189.51474,12.4057045,0.018182905,-0.08238234,13.019001,0.045
715107400005470,zg,59193.47522,12.401132,0.018195558,-0.08036812,13.019001,0.045
715107400005470,zg,59194.53651,12.407229,0.018178686,-0.108400255,13.019001,0.045
715107400005470,zg,59194.53841,12.380906,0.018251557,-0.08575461,13.019001,0.045
715107400005470,zg,59195.53347,12.391773,0.018221462,-0.09739409,13.019001,0.045
715107400005470,zg,59198.53249,12.440369,0.018087111,-0.116440274,13.019001,0.045
715307400010186,zi,59199.49332,12.064956,0.014182663,0.18395786,12.844,0.052
715307400010186,zi,59202.4653,12.063626,0.014184024,0.18432373,12.844,0.052
715207400001942,zr,59203.50728,11.85178,0.016402652,0.1337979,12.511,0.056
715107400005470,zg,59203.53267,12.410506,0.018169625,-0.086111374,13.019001,0.045
715207400001942,zr,59215.47899,11.820849,0.016445505,0.1181855,12.511,0.056
715107400005470,zg,59215.49351,12.38193,0.018248718,-0.06613673,13.019001,0.045
715307400010186,zi,59216.47662,12.037838,0.014210468,0.18076374,12.844,0.052
715107400005470,zg,59217.4466,12.379264,0.018256105,-0.076197535,13.019001,0.045
715107400005470,zg,59219.43012,12.372341,0.018275287,-0.06044074,13.019001,0.045
715107400005470,zg,59221.48834,12.412019,0.018165441,-0.099795,13.019001,0.045
715107400005470,zg,59223.40855,12.351874,0.018332051,-0.11167074,13.019001,0.045
715307400010186,zi,59223.433,11.984371,0.014265498,0.18417898,12.844,0.052
715107400005470,zg,59225.48043,12.254419,0.01860319,-0.06415531,13.019001,0.045
715307400010186,zi,59226.48024,11.974223,0.014275973,0.18209018,12.844,0.052
715207400001942,zr,59229.43366,11.678383,0.016643869,0.11236073,12.511,0.056
715307400010186,zi,59229.49659,11.821757,0.014434438,0.19390096,12.844,0.052
715307400010186,zi,59232.45163,11.883349,0.014370184,0.19097723,12.844,0.052
715107400005470,zg,59248.47606,12.329761,0.01839345,-0.076532625,13.019001,0.045
715107400005470,zg,59250.37094,12.299225,0.018478358,-0.08441553,13.019001,0.045
715307400010186,zi,59251.38867,11.968262,0.014282131,0.18214898,12.844,0.052
715307400010186,zi,59254.36675,11.969178,0.0142811835,0.18354332,12.844,0.052
715107400005470,zg,59256.49767,12.370453,0.018280523,-0.12289802,13.019001,0.045
715307400010186,zi,59260.34513,11.99682,0.014252661,0.18125455,12.844,0.052
715307400010186,zi,59263.3374,11.951851,0.014299098,0.19218531,12.844,0.052
715107400005470,zg,59263.36471,12.299155,0.018478552,-0.06176992,13.019001,0.045
715107400005470,zg,59265.40536,12.35909,0.018312031,-0.08131387,13.019001,0.045
715307400010186,zi,59266.35281,11.926491,0.014325368,0.18041444,12.844,0.052
715207400001942,zr,59267.32506,11.824238,0.016440807,0.11530644,12.511,0.056
715107400005470,zg,59271.40751,12.37129,0.018278202,-0.024888298,13.019001,0.045
715307400010186,zi,59272.35672,12.046489,0.01420159,0.18190114,12.844,0.052
1713113300001769,zg,59273.37634,12.344392,0.022494007,-0.02228561,12.885001,0.042
1713113300001769,zg,59273.3768,12.372126,0.022410855,-0.050136562,12.885001,0.042
715107400005470,zg,59275.18847,12.32756,0.018399565,-0.055529386,13.019001,0.045
715107400005470,zg,59275.22113,12.356285,0.018319812,-0.06775649,13.019001,0.045
715107400005470,zg,59275.30935,12.331295,0.018389188,-0.06319281,13.019001,0.045
715307400010186,zi,59275.3673,12.028792,0.014219759,0.18723977,12.844,0.052
715107400005470,zg,59276.27333,12.342368,0.018358435,-0.07364586,13.019001,0.045
715107400005470,zg,59278.30585,12.341059,0.018362071,-0.111609474,13.019001,0.045
715107400005470,zg,59278.31731,12.335239,0.018378234,-0.097889535,13.019001,0.045
715107400005470,zg,59278.3555,12.334607,0.018379988,-0.07802839,13.019001,0.045
715107400005470,zg,59280.24446,12.286138,0.018514792,-0.08694377,13.019001,0.045
715107400005470,zg,59280.38802,12.291209,0.01850067,-0.08786959,13.019001,0.045
715307400010186,zi,59281.31209,11.945215,0.014305967,0.18415573,12.844,0.052
715307400010186,zi,59290.29348,11.953638,0.014297251,0.1840828,12.844,0.052
715107400005470,zg,59291.31093,12.348411,0.01834166,-0.087509796,13.019001,0.045
715107400005470,zg,59292.30881,12.372536,0.01827475,-0.101035856,13.019001,0.045
715107400005470,zg,59292.33028,12.331302,0.018389171,-0.07720887,13.019001,0.045
715207400001942,zr,59293.22188,11.810915,0.016459286,0.12453262,12.511,0.056
715107400005470,zg,59293.30955,12.374753,0.018268604,-0.08903447,13.019001,0.045
715107400005470,zg,59294.17146,12.380741,0.018252013,-0.071815684,13.019001,0.045
715107400005470,zg,59294.26091,12.363844,0.018298848,-0.07600606,13.019001,0.045
715107400005470,zg,59295.26323,12.352475,0.018330382,-0.07540469,13.019001,0.045
715107400005470,zg,59295.29113,12.329715,0.018393576,-0.059569947,13.019001,0.045
715107400005470,zg,59295.302,12.35041,0.01833611,-0.073312536,13.019001,0.045
715307400010186,zi,59295.34783,12.031983,0.014216481,0.18039806,12.844,0.052
715207400001942,zr,59296.21854,11.80585,0.016466314,0.12412607,12.511,0.056
715107400005470,zg,59298.26947,12.39041,0.018225232,-0.08509692,13.019001,0.045
715107400005470,zg,59298.32607,12.388238,0.01823125,-0.067383885,13.019001,0.045
715107400005470,zg,59300.33684,12.364047,0.018298283,-0.06231861,13.019001,0.045
715107400005470,zg,59300.38468,12.341806,0.018359995,-0.057232298,13.019001,0.045
715207400001942,zr,59300.41135,11.7888775,0.016489884,0.1304394,12.511,0.056
715107400005470,zg,59301.21286,12.351097,0.018334206,-0.045560326,13.019001,0.045
715107400005470,zg,59302.1593,12.385999,0.018237451,-0.047212455,13.019001,0.045
715107400005470,zg,59303.2939,12.346262,0.018347625,-0.052653927,13.019001,0.045
715107400005470,zg,59303.41996,12.336066,0.018375933,-0.06883789,13.019001,0.045
715107400005470,zg,59304.22063,12.327563,0.018399555,-0.061079692,13.019001,0.045
715107400005470,zg,59304.2328,12.311539,0.018444102,-0.061798826,13.019001,0.045
1713113300001769,zg,59304.35629,12.298059,0.022633146,-0.042821165,12.885001,0.042
715107400005470,zg,59304.4406,12.243729,0.01863302,-0.06551556,13.019001,0.045
715107400005470,zg,59305.42017,12.331843,0.018387666,-0.09166267,13.019001,0.045
715307400010186,zi,59308.30502,11.930433,0.01432128,0.18012089,12.844,0.052
715107400005470,zg,59308.39846,12.299378,0.018477928,-0.11452326,13.019001,0.045
715107400005470,zg,59309.18142,12.271604,0.018555276,-0.108409174,13.019001,0.045
715107400005470,zg,59309.32292,12.29296,0.018495794,-0.12787102,13.019001,0.045
715207400001942,zr,59310.32571,11.666633,0.016660297,0.1276283,12.511,0.056
715107400005470,zg,59311.22985,12.245395,0.018628368,-0.09646018,13.019001,0.045
715107400005470,zg,59311.23079,12.240189,0.0186429,-0.11531562,13.019001,0.045
715307400010186,zi,59311.26928,11.899656,0.014353225,0.17877273,12.844,0.052
715107400005470,zg,59311.2893,12.25778,0.018593818,-0.11067182,13.019001,0.045
715307400010186,zi,59319.29098,11.903407,0.014349327,0.18496571,12.844,0.052
715307400010186,zi,59322.22621,11.897841,0.014355111,0.18845065,12.844,0.052
715107400005470,zg,59322.3239,12.247939,0.018621268,-0.08298569,13.019001,0.045
715107400005470,zg,59323.28566,12.24483,0.018629942,-0.09097251,13.019001,0.045
715107400005470,zg,59324.19058,12.206951,0.018735753,-0.075387955,13.019001,0.045
715107400005470,zg,59325.35086,12.197159,0.018763138,-0.07790589,13.019001,0.045
715107400005470,zg,59329.32354,12.176536,0.018820854,-0.06147718,13.019001,0.045
715307400010186,zi,59334.31199,11.871581,0.014382437,0.18774839,12.844,0.052
715207400001942,zr,59335.3119,11.711963,0.016596975,0.116886534,12.511,0.056
715207400001942,zr,59335.31283,11.70072,0.016612666,0.12599137,12.511,0.056
715107400005470,zg,59336.2629,12.217882,0.018705197,-0.12421626,13.019001,0.045
715107400005470,zg,59338.30392,12.193306,0.018773915,-0.10106709,13.019001,0.045
715107400005470,zg,59338.3094,12.203209,0.018746214,-0.095428124,13.019001,0.045
715307400010186,zi,59342.19882,11.804394,0.014452607,0.18276472,12.844,0.052
715107400005470,zg,59342.32276,12.206501,0.018737009,-0.1160901,13.019001,0.045
715107400005470,zg,59342.32943,12.227186,0.018679203,-0.109331116,13.019001,0.045
715107400005470,zg,59344.28818,12.247108,0.018623585,-0.108075775,13.019001,0.045
715107400005470,zg,59344.28912,12.274734,0.018546559,-0.1215095,13.019001,0.045
715107400005470,zg,59346.32169,12.292249,0.018497774,-0.108392365,13.019001,0.045
715107400005470,zg,59346.32263,12.297059,0.018484386,-0.093928285,13.019001,0.045
715207400001942,zr,59350.26065,11.706592,0.01660447,0.12670566,12.511,0.056
715207400001942,zr,59350.26158,11.741651,0.016555583,0.12061993,12.511,0.056
715107400005470,zg,59353.24865,12.250662,0.018613672,-0.062015276,13.019001,0.045
715307400010186,zi,59353.26295,11.918208,0.01433396,0.18455009,12.844,0.052
715207400001942,zr,59354.24136,11.726392,0.01657685,0.12059368,12.511,0.056
715207400001942,zr,59354.24277,11.715606,0.016591892,0.12973233,12.511,0.056
715107400005470,zg,59354.30403,12.196928,0.018763786,-0.0596858,13.019001,0.045
715107400005470,zg,59354.3091,12.182865,0.018803133,-0.039972413,13.019001,0.045
715107400005470,zg,59355.26458,12.244441,0.01863103,-0.054926887,13.019001,0.045
715107400005470,zg,59356.20407,12.298707,0.018479798,-0.08085732,13.019001,0.045
715107400005470,zg,59356.20501,12.299427,0.018477794,-0.08506176,13.019001,0.045
715307400010186,zi,59358.19966,11.927368,0.014324458,0.17907667,12.844,0.052
715107400005470,zg,59358.38813,12.331496,0.018388629,-0.010382089,13.019001,0.045
715107400005470,zg,59359.27677,12.365083,0.018295411,-0.07586999,13.019001,0.045
715107400005470,zg,59361.24937,12.422396,0.018136756,-0.07249573,13.019001,0.045
715107400005470,zg,59362.18723,12.489649,0.017951278,-0.10352965,13.019001,0.045
715107400005470,zg,59362.19441,12.48689,0.017958872,-0.11835934,13.019001,0.045
715107400005470,zg,59363.24129,12.475942,0.017989019,-0.093092844,13.019001,0.045
715107400005470,zg,59366.26191,12.464578,0.01802033,-0.088809595,13.019001,0.045
715107400005470,zg,59366.26431,12.434338,0.018103765,-0.085459515,13.019001,0.045
715107400005470,zg,59367.25651,12.44814,0.018065665,-0.09037167,13.019001,0.045
715307400010186,zi,59367.32746,12.15009,0.014095855,0.1776928,12.844,0.052
715107400005470,zg,59368.1878,12.439059,0.018090725,-0.09902369,13.019001,0.045
715107400005470,zg,59369.21756,12.4316,0.018111328,-0.094840124,13.019001,0.045
715107400005470,zg,59370.22446,12.447099,0.018068539,-0.10793327,13.019001,0.045
715307400010186,zi,59371.3025,12.139871,0.014106235,0.18264382,12.844,0.052
715307400010186,zi,59375.19471,12.023371,0.014225331,0.18236177,12.844,0.052
715107400005470,zg,59375.2637,12.270064,0.01855957,-0.054022737,13.019001,0.045
715107400005470,zg,59377.32212,12.276315,0.01854215,-0.06720793,13.019001,0.045
715107400005470,zg,59383.24039,12.282928,0.018523728,-0.05651536,13.019001,0.045
715307400010186,zi,59383.28387,11.966319,0.014284138,0.2016473,12.844,0.052
715107400005470,zg,59385.19983,12.283352,0.018522548,-0.058177162,13.019001,0.045
715107400005470,zg,59385.20077,12.29577,0.018487975,-0.05435125,13.019001,0.045
715307400010186,zi,59386.2431,12.010094,0.01423899,0.18714593,12.844,0.052
715107400005470,zg,59387.28176,12.302894,0.018468149,-0.039799504,13.019001,0.045
715107400005470,zg,59387.2827,12.275804,0.018543575,-0.044417623,13.019001,0.045
715107400005470,zg,59390.2,12.306116,0.018459184,-0.056999136,13.019001,0.045
715107400005470,zg,59391.20336,12.250085,0.018615283,-0.052801803,13.019001,0.045
715107400005470,zg,59392.21827,12.258718,0.018591203,-0.06988104,13.019001,0.045
715107400005470,zg,59393.3045,12.251736,0.018610679,-0.030132972,13.019001,0.045
715107400005470,zg,59396.24319,12.27333,0.01855047,-0.06295435,13.019001,0.045
715107400005470,zg,59397.24159,12.245236,0.01862881,-0.062745035,13.019001,0.045
715307400010186,zi,59401.19299,11.994478,0.014255074,0.18453303,12.844,0.052
715107400005470,zg,59401.21584,12.251012,0.018612694,-0.0722637,13.019001,0.045
715207400001942,zr,59401.28041,11.715694,0.016591769,0.13352808,12.511,0.056
715107400005470,zg,59402.2015,12.2758875,0.018543342,-0.072693035,13.019001,0.045
715307400010186,zi,59412.19845,12.028513,0.014220046,0.18852603,12.844,0.052
715207400001942,zr,59444.1442,11.789053,0.01648964,0.13261525,12.511,0.056
715207400001942,zr,59444.14902,11.748155,0.016546525,0.13436711,12.511,0.056
715207400001942,zr,59446.13993,11.751112,0.016542409,0.118482016,12.511,0.056
715207400001942,zr,59448.14471,11.705209,0.0166064,0.12449635,12.511,0.056
715207400001942,zr,59448.14708,11.722417,0.016582392,0.120597295,12.511,0.056
715207400001942,zr,59449.13665,11.757205,0.016533924,0.10117139,12.511,0.056
715207400001942,zr,59454.13614,11.774328,0.016510105,0.14363047,12.511,0.056
715207400001942,zr,59454.13853,11.749338,0.016544877,0.10634599,12.511,0.056
715207400001942,zr,59530.47344,11.383767,0.017058536,0.11590103,12.511,0.056
715107400005470,zg,59530.4908,11.817972,0.019832443,-0.026645234,13.019001,0.045
715107400005470,zg,59623.33385,12.324325,0.018408556,-0.06691006,13.019001,0.045
715307400010186,zi,59624.45288,12.065589,0.014182013,0.18600817,12.844,0.052
715107400005470,zg,59625.24403,12.321245,0.018417114,-0.024136456,13.019001,0.045
715307400010186,zi,59627.40669,12.057992,0.0141897965,0.19093797,12.844,0.052
715107400005470,zg,59628.20565,12.386569,0.01823587,-0.023900475,13.019001,0.045
715107400005470,zg,59636.22048,12.321417,0.018416636,-0.08091076,13.019001,0.045
715307400010186,zi,59636.38917,12.103578,0.0141431885,0.18620734,12.844,0.052
715207400001942,zr,59636.47363,11.826038,0.01643831,0.11792446,12.511,0.056
715107400005470,zg,59636.49398,12.264481,0.018575134,-0.06324485,13.019001,0.045
715107400005470,zg,59637.22972,12.299856,0.0184766,-0.079165705,13.019001,0.045
715107400005470,zg,59637.37367,12.266706,0.01856893,-0.06016639,13.019001,0.045
715207400001942,zr,59637.40835,11.771591,0.016513912,0.12286784,12.511,0.056
715107400005470,zg,59637.48853,12.309421,0.018449992,-0.06743611,13.019001,0.045
715107400005470,zg,59638.44658,12.274736,0.018546548,-0.06991432,13.019001,0.045
715107400005470,zg,59639.28889,12.266863,0.018568492,-0.0703483,13.019001,0.045
715207400001942,zr,59639.30358,11.766332,0.016521227,0.1384522,12.511,0.056
715207400001942,zr,59639.30454,11.783755,0.016497001,0.14028133,12.511,0.056
715107400005470,zg,59639.32446,12.284101,0.018520463,-0.07272118,13.019001,0.045
715107400005470,zg,59639.33082,12.256666,0.018596925,-0.055714272,13.019001,0.045
715307400010186,zi,59639.37461,11.984023,0.014265857,0.18870361,12.844,0.052
715207400001942,zr,59639.50807,11.737535,0.016561318,0.1331823,12.511,0.056
715207400001942,zr,59670.36656,11.684771,0.016634941,0.108046904,12.511,0.056
715207400001942,zr,59671.36384,12.557791,0.015452004,0.11243027,12.511,0.056
715107400005470,zg,59671.41593,12.114723,0.018994173,-0.121301286,13.019001,0.045
715107400005470,zg,59671.4339,12.110472,0.019006113,-0.102932364,13.019001,0.045
715107400005470,zg,59671.45009,12.342696,0.018357525,-0.10893573,13.019001,0.045
715207400001942,zr,59673.30084,11.651786,0.01668107,0.10569866,12.511,0.056
715107400005470,zg,59673.3316,12.205371,0.01874017,-0.09404904,13.019001,0.045
715107400005470,zg,59673.34364,12.228069,0.01867674,-0.11423615,13.019001,0.045
715107400005470,zg,59674.37451,12.311801,0.018443374,-0.107914485,13.019001,0.045
715107400005470,zg,59674.38641,12.259027,0.01859034,-0.08523279,13.019001,0.045
715107400005470,zg,59674.42014,12.273835,0.018549059,-0.09097566,13.019001,0.045
715207400001942,zr,59674.46096,11.79673,0.016478976,0.11865938,12.511,0.056
715207400001942,zr,59674.46192,11.814465,0.016454361,0.11895594,12.511,0.056
715107400005470,zg,59675.1671,12.319936,0.018420756,-0.07876315,13.019001,0.045
715207400001942,zr,59675.3457,11.7421255,0.016554922,0.11624554,12.511,0.056
715107400005470,zg,59675.36759,12.213323,0.018717943,-0.08139756,13.019001,0.045
715107400005470,zg,59676.33128,12.256098,0.018598508,-0.06866223,13.019001,0.045
715107400005470,zg,59676.33224,12.293875,0.018493248,-0.076444544,13.019001,0.045
715207400001942,zr,59676.36581,11.73878,0.016559582,0.11848262,12.511,0.056
715207400001942,zr,59676.36724,11.749221,0.01654504,0.12602383,12.511,0.056
715107400005470,zg,59676.39054,12.278908,0.018534929,-0.08145534,13.019001,0.045
715207400001942,zr,59677.16507,11.795207,0.016481092,0.12650302,12.511,0.056
715107400005470,zg,59677.24288,12.2970495,0.01848441,-0.06655641,13.019001,0.045
715307400010186,zi,59677.27175,12.080864,0.014166385,0.1863724,12.844,0.052
715107400005470,zg,59677.32408,12.303372,0.018466817,-0.089734726,13.019001,0.045
715207400001942,zr,59677.37376,11.798347,0.016476732,0.11440146,12.511,0.056
715107400005470,zg,59678.18855,12.313737,0.018437989,-0.064817265,13.019001,0.045
715107400005470,zg,59678.32834,12.200117,0.018754864,-0.07077645,13.019001,0.045
715107400005470,zg,59678.34865,12.177694,0.018817611,-0.0881437,13.019001,0.045
715207400001942,zr,59678.38795,11.566538,0.016800636,0.12108677,12.511,0.056
715107400005470,zg,59679.16964,12.355224,0.018322758,-0.10839368,13.019001,0.045
715207400001942,zr,59679.19605,11.90625,0.016327385,0.10915433,12.511,0.056
715207400001942,zr,59679.24862,11.902101,0.01633311,0.11577949,12.511,0.056
715107400005470,zg,59679.28365,12.366225,0.018292246,-0.06945077,13.019001,0.045
715107400005470,zg,59682.21946,12.365386,0.018294573,-0.10673121,13.019001,0.045
715307400010186,zi,59682.25136,12.103775,0.014142987,0.176708,12.844,0.052
715107400005470,zg,59684.28679,12.367607,0.018288415,-0.05881865,13.019001,0.045
715307400010186,zi,59687.33135,12.169345,0.014076328,0.18577835,12.844,0.052
715207400001942,zr,59689.26574,11.859962,0.01639133,0.12292648,12.511,0.056
715107400005470,zg,59689.30687,12.384623,0.01824126,-0.050512545,13.019001,0.045
715307400010186,zi,59690.38373,12.194621,0.014050755,0.1836123,12.844,0.052
715107400005470,zg,59693.23717,12.482927,0.017969778,-0.086855546,13.019001,0.045
715207400001942,zr,59697.32889,11.934162,0.01628892,0.11143983,12.511,0.056
715107400005470,zg,59699.24822,12.4828415,0.017970014,-0.08991993,13.019001,0.045
715107400005470,zg,59701.30747,12.466277,0.018015645,-0.105233505,13.019001,0.045
715107400005470,zg,59701.34368,12.458863,0.018036088,-0.09922853,13.019001,0.045
715207400001942,zr,59707.22243,12.029751,0.016157733,0.12155,12.511,0.056
715207400001942,zr,59707.26428,12.049157,0.01613121,0.12084848,12.511,0.056
715207400001942,zr,59708.17645,12.049522,0.016130712,0.123267144,12.511,0.056
715107400005470,zg,59711.18842,12.784987,0.017146891,-0.082105204,13.019001,0.045
715207400001942,zr,59711.2809,12.08752,0.016078891,0.116501346,12.511,0.056
715107400005470,zg,59713.208,12.785255,0.017146168,-0.04620322,13.019001,0.045
715207400001942,zr,59715.20352,12.274671,0.015825983,0.11327627,12.511,0.056
715107400005470,zg,59715.22409,12.843474,0.016989822,-0.08345948,13.019001,0.045
715107400005470,zg,59722.24918,12.8114195,0.017075807,-0.0981672,13.019001,0.045
715107400005470,zg,59722.29108,12.812016,0.017074205,-0.098158345,13.019001,0.045
715107400005470,zg,59724.21903,12.8112955,0.01707614,-0.09272397,13.019001,0.045
715107400005470,zg,59726.2474,12.802812,0.017098939,-0.09526547,13.019001,0.045
715107400005470,zg,59730.20435,12.857653,0.01695187,-0.099007234,13.019001,0.045
715307400010186,zi,59731.1854,12.576371,0.013674299,0.18060173,12.844,0.052
715107400005470,zg,59732.18771,12.825381,0.017038325,-0.09887982,13.019001,0.045
715107400005470,zg,59734.20492,12.769266,0.017189248,-0.092452295,13.019001,0.045
715207400001942,zr,59734.22667,12.2258005,0.01589163,0.114916295,12.511,0.056
715107400005470,zg,59736.24551,12.743133,0.017259778,-0.08614809,13.019001,0.045
715307400010186,zi,59737.23769,12.472787,0.013774463,0.17797229,12.844,0.052
715107400005470,zg,59738.19972,12.695379,0.017389053,-0.06316388,13.019001,0.045
715107400005470,zg,59740.23793,12.702081,0.017370882,-0.07751649,13.019001,0.045
715307400010186,zi,59743.24922,12.493915,0.013753901,0.17822689,12.844,0.052
715107400005470,zg,59747.30124,12.65441,0.017500347,-0.04202637,13.019001,0.045
715307400010186,zi,59748.2184,12.432701,0.01381365,0.17876719,12.844,0.052
715107400005470,zg,59749.25401,12.6324,0.017560285,-0.08170017,13.019001,0.045
715107400005470,zg,59751.19559,12.694123,0.017392458,-0.09333696,13.019001,0.045
715307400010186,zi,59763.23582,12.428641,0.013817632,0.1897688,12.844,0.052
715107400005470,zg,59884.51638,12.164811,0.01885369,-0.09532057,13.019001,0.045
715107400005470,zg,59889.49505,12.160991,0.018864397,-0.060671084,13.019001,0.045
715207400001942,zr,59896.46947,11.606325,0.01674477,0.11496978,12.511,0.056
715307400010186,zi,59897.52373,11.829918,0.014425907,0.1783486,12.844,0.052
715107400005470,zg,59898.45189,12.045345,0.019189276,-0.053696077,13.019001,0.045
715107400005470,zg,59900.4898,11.989091,0.019347886,-0.068602055,13.019001,0.045
715107400005470,zg,59902.47511,11.927168,0.019522885,-0.03423186,13.019001,0.045
715307400010186,zi,59902.48899,11.731378,0.014529266,0.17848295,12.844,0.052
715107400005470,zg,59910.51632,12.027213,0.01924036,-0.11591812,13.019001,0.045
715107400005470,zg,59914.48642,11.974569,0.019388886,-0.09483108,13.019001,0.045
715107400005470,zg,59930.54056,11.95417,0.019446524,-0.08442162,13.019001,0.045
715107400005470,zg,59957.45633,12.075245,0.019105121,-0.06553411,13.019001,0.045
715107400005470,zg,59966.40992,11.968715,0.019405425,-0.103447996,13.019001,0.045
715307400010186,zi,59967.45733,11.600988,0.014667114,0.1856359,12.844,0.052
715107400005470,zg,59968.43021,11.996943,0.019325724,-0.09146327,13.019001,0.045
715307400010186,zi,59970.42973,11.629043,0.014637358,0.18500808,12.844,0.052
715107400005470,zg,59971.37712,12.013337,0.019279478,-0.10898176,13.019001,0.045
715207400001942,zr,59983.35429,11.474445,0.016930334,0.11370534,12.511,0.056
715107400005470,zg,59984.27997,11.876812,0.019665489,-0.054913655,13.019001,0.045
715107400005470,zg,59984.53378,11.917898,0.019549113,-0.083096005,13.019001,0.045
715207400001942,zr,59985.2399,11.45766,0.016954029,0.13434127,12.511,0.056
715107400005470,zg,59985.27335,11.883246,0.019647254,-0.07438807,13.019001,0.045
715107400005470,zg,59993.31188,12.138539,0.018927338,-0.13094477,13.019001,0.045
715107400005470,zg,59994.26588,12.0558,0.019159837,-0.10860095,13.019001,0.045
715107400005470,zg,59996.53468,12.044611,0.019191343,-0.11256005,13.019001,0.045
715107400005470,zg,60020.50313,12.0271845,0.019240439,-0.08766324,13.019001,0.045
715107400005470,zg,60021.28035,12.060096,0.019147746,-0.11196826,13.019001,0.045
715107400005470,zg,60030.45417,11.877107,0.019664656,-0.08624795,13.019001,0.045
715107400005470,zg,60053.30973,11.8947735,0.019614596,-0.091411866,13.019001,0.045
715307400010186,zi,60053.34312,11.634024,0.01463208,0.18458346,12.844,0.052
715307400010186,zi,60067.39159,11.700868,0.014561416,0.17263596,12.844,0.052
715107400005470,zg,60079.37105,12.007362,0.019296328,-0.07119309,13.019001,0.045
715107400005470,zg,60092.37084,12.168285,0.018843958,-0.039859887,13.019001,0.045
715107400005470,zg,60124.2595,11.970342,0.019400826,-0.07373173,13.019001,0.045
715107400005470,zg,60162.19533,11.940858,0.01948416,-0.029718494,13.019001,0.045
715107400005470,zg,60255.51913,11.8244705,0.019813988,-0.11609422,13.019001,0.045
715107400005470,zg,60287.47628,11.7930355,0.019903298,-0.06591681,13.019001,0.045
715107400005470,zg,60315.45153,12.047768,0.019182453,-0.08875999,13.019001,0.045
715107400005470,zg,60323.44653,11.873085,0.019676054,-0.05879623,13.019001,0.045
715107400005470,zg,60363.38896,11.7546,0.020012625,-0.07445312,13.019001,0.045
715107400005470,zg,60380.31479,11.861805,0.01970804,-0.13335493,13.019001,0.045
715107400005470,zg,60395.29187,11.915861,0.019554881,-0.058771618,13.019001,0.045
