object_id,sdss_name,apparent_mag_2500,f_host_4200
1391814,024028.11-005605.8,21.968615528027534,-1.0
1391766,024037.61-005637.9,22.120346339309272,-1.0
1391675,024051.10-010518.8,22.303621088772964,-1.0
1391583,024105.06-005132.6,22.256180589703597,-1.0
1391454,024126.71-004526.3,20.163406917214182,-1.0
1391283,024154.42-004757.6,23.422511412447896,-1.0
1391217,024204.58-003835.7,22.193430385945895,-1.0
1391199,024207.19-002818.9,21.361015572130633,-1.0
1391164,024212.65-010339.5,22.764009791169876,-1.0
1391150,024214.97-003131.8,21.569604288535395,-1.0
1391093,024220.73-002059.7,20.741623614623357,-1.0
1390992,024234.93-010351.9,21.482662495682824,-1.0
1390942,024242.51-002212.9,22.508830577122133,-1.0
1390860,024256.93-001558.1,22.339478676296473,-1.0
1390858,024257.20-004549.5,22.9215504875199,-1.0
1390847,024259.00-001038.3,21.82594388442876,-1.0
1390837,024300.45-003030.2,22.036766811590105,-1.0
1390830,024300.83-001055.3,22.70046714641058,-1.0
1390798,024306.67-002531.4,22.004660845134843,-1.0
1390747,024315.63-002032.3,21.54273607718023,-1.0
1390677,024325.97-003145.2,140.80442121113396,-1.0
1390673,024326.62-002056.1,21.786830288886783,-1.0
1390621,024337.17-002340.2,21.92754051621764,-1.0
1390600,024339.51-002445.8,21.663531008472937,-1.0
1390597,024340.11-001749.4,21.49002934232994,-1.0
1390594,024340.59-003801.4,21.805011419450132,-1.0
1390576,024344.31-000201.1,21.89084832393896,-1.0
1390559,024347.37-010611.7,23.659262686624253,-1.0
1390491,024357.90-011330.5,22.1925981218075,-1.0
1390490,024357.92-005447.8,22.971592080003767,-1.0
1390435,024407.44-010516.5,21.77525732329226,-1.0
1390392,024413.76-000447.5,23.123740252318832,-1.0
1390379,024415.61-000053.1,23.175396269963876,-1.0
1390346,024422.20-011247.2,22.329736908022703,-1.0
1390335,024424.62-001219.7,21.96876224301709,-1.0
1390331,024425.39-004653.0,20.218275584584497,-1.0
1390319,024426.88-003028.4,22.40164046538434,-1.0
1390243,024439.73-004257.1,24.016327111044355,-1.0
1390226,024442.58-002320.4,22.704591913026825,-1.0
1390223,024442.77-004223.2,21.11651110779453,-1.0
1390159,024452.32-003317.8,22.867889859706132,-1.0
1390151,024453.25-011256.4,23.06155352807837,-1.0
1390140,024455.18-002501.5,21.476212975666762,-1.0
1390080,024505.04-003442.0,22.787818840161812,-1.0
1390049,024509.76-010001.3,23.12465266370912,-1.0
1390026,024511.94-011317.6,23.10511260321443,-1.0
1390021,024512.12-011314.0,22.69351137740447,-1.0
1390012,024514.00-003535.4,20.873587522422348,-1.0
1390004,024514.93-004101.9,22.955696633101347,-1.0
1389975,024519.65-005113.0,21.824022752145332,-1.0
1389968,024520.05-004534.5,23.109174519173713,-1.0
1389915,024527.72-010602.9,22.164440969596036,-1.0
1389887,024531.53-002612.2,22.348082006537688,-1.0
1389884,024532.49-002737.9,22.97654154648422,-1.0
1389873,024533.66-000745.0,20.472729910345045,-1.0
1389832,024538.29-004705.4,22.863024099989765,-1.0
1389799,024544.78-004415.3,21.25110473619808,-1.0
1389786,024547.59-000814.4,22.340447377271765,-1.0
1389767,024549.96-000051.8,21.82896567011324,-1.0
1389763,024550.79-004328.2,24.190438993075368,-1.0
1389741,024555.28-000722.9,23.050608552909758,-1.0
1389734,024556.52-000357.3,20.73114855512197,-1.0
1389729,024557.23-000823.4,21.92006051007727,-1.0
1389683,024603.68-003211.7,20.805855199145093,-1.0
1389660,024606.21-005531.8,22.243160895093688,-1.0
1389630,024611.21-003134.3,22.363205797132828,-1.0
1389594,024617.08-000602.6,19.840687408328684,-1.0
1389560,024621.11-000152.0,20.29998742614263,-1.0
1389516,024628.49-004457.2,22.177719648244725,-1.0
1389488,024632.44-003214.1,21.14848003515828,-1.0
1389486,024632.55-003439.2,21.693510570021836,-1.0
1389477,024635.62-000850.5,20.918434388007945,-1.0
1389463,024637.94-004105.3,21.355173897794167,-1.0
1389395,024646.74-001220.7,20.455013866010084,-1.0
1389363,024650.93-004457.3,21.739846533565533,-1.0
1389354,024651.87-010732.6,21.741594194736614,-1.0
1389350,024652.16-011243.0,21.146921235756658,-1.0
1389289,024659.35-000847.3,22.521399180334903,-1.0
1389269,024703.24-010032.0,23.123038351695378,-1.0
1389212,024712.90-011106.2,21.780066258251658,-1.0
1389198,024716.32-010401.5,23.007640629321905,-1.0
1389192,024717.41-000052.4,22.738657373299084,-1.0
1389158,024723.54-002536.6,21.441435015014697,-1.0
1389104,024733.89-000406.2,21.879902791000227,-1.0
1389088,024737.50-000459.1,21.913884823689195,-1.0
1389080,024739.11-005221.1,22.731336096546677,-1.0
1389038,024747.00-011334.4,22.27500521474783,-1.0
1389033,024747.59-004810.1,22.124254861983793,-1.0
1389026,024748.87-000147.5,21.456222668815634,-1.0
1388993,024753.20-002138.0,21.97058516090396,-1.0
1388968,024756.35-001556.1,20.87252748316171,-1.0
1388963,024757.67+001542.4,23.06276717940154,-1.0
1388943,024801.09-004015.8,20.59437798809281,-1.0
1388831,024820.91-002546.8,21.75568245366464,-1.0
1388819,024823.51+003552.7,21.424711733524994,-1.0
1388817,024823.77-010002.5,22.42083177957071,-1.0
1388799,024826.69-004144.4,22.34030263238136,-1.0
1388743,024838.93-000326.0,23.46806340269884,-1.0
1388730,024840.78-003548.2,21.031435731993433,-1.0
1388729,024840.98-001228.9,20.85064714605108,-1.0
1388651,024854.81+001053.8,21.374191369163476,-1.0
1388643,024855.60+002306.4,21.334273664993013,-1.0
1388636,024856.88-010522.6,22.397537444366,-1.0
1388577,024906.74+003726.0,22.196629457279947,-1.0
1388576,024906.75+000823.6,22.550923441925512,-1.0
1388573,024907.30-000649.4,22.71284813736174,-1.0
1388513,024918.25-001731.1,20.8947450852938,-1.0
1388509,024918.63+000548.1,22.84931972834884,-1.0
1388483,024920.98+004206.3,22.793751958866586,-1.0
1388467,024923.24+004353.0,23.211403738322296,-1.0
1388442,024929.19-002104.3,20.833926144794297,-1.0
1388413,024935.46+004144.4,22.787032009347307,-1.0
1388412,024935.55-001336.8,21.793108548232247,-1.0
1388390,024939.57+000700.2,21.111128403971072,-1.0
1388389,024939.57-001157.8,22.752576658870304,-1.0
1388366,024944.09+003317.3,21.91581162089137,-1.0
1388340,024948.62+005152.8,22.04671908853914,-1.0
1388322,024950.75-004224.3,22.195953845230697,-1.0
1388304,024954.38+003654.2,22.248835317738916,-1.0
1388270,024959.77-000104.2,22.17133410348803,-1.0
1388234,025005.69-004054.9,22.343459974609992,-1.0
1388230,025007.03+002525.3,19.925598744513202,-1.0
1388172,025019.27+003100.6,22.239621002576705,-1.0
1388166,025020.45-005711.1,22.117537066800857,-1.0
1388129,025026.66+000903.4,22.10801605159667,-1.0
1388108,025030.78-000801.8,20.044039352727275,-1.0
1388092,025033.21+003829.0,22.03354043512237,-1.0
1388070,025038.68-004739.1,20.91862208362661,-1.0
1388067,025039.82-004749.5,23.303960903561297,-1.0
1388051,025042.45+003536.7,20.892310827279637,-1.0
1388047,025042.90-004138.8,22.296551913613477,-1.0
1388025,025048.66+000207.4,20.545365655882513,-1.0
1388012,025050.63+004503.3,23.157446752285303,-1.0
1387946,025101.00+004802.9,20.772127177063986,-1.0
1387938,025102.69+000600.6,20.738648160443738,-1.0
1387917,025105.14-001732.1,22.447768606560395,-1.0
1387876,025115.49+003135.1,22.89469123148664,-1.0
1387821,025128.38+001144.5,21.63548185504144,-1.0
1387819,025128.72-002650.9,22.770856081701687,-1.0
1387807,025131.66+003251.7,23.515112798924513,-1.0
1387743,025145.09-004639.7,21.67616513912113,-1.0
1387735,025146.78-004035.6,21.074289387862102,-1.0
1387725,025148.53-004637.7,21.189399527292046,-1.0
1387714,025151.27+005739.2,22.5394694693126,-1.0
1387712,025151.52-000407.2,22.78506893246253,-1.0
1387687,025156.19+001437.1,22.504444975763725,-1.0
1387685,025156.30+005706.5,20.89152932896399,-1.0
1387641,025204.28+003137.0,22.92510580734804,-1.0
1387636,025205.88+001705.7,23.25835588951906,-1.0
1387618,025209.79+000549.0,22.6286201196556,-1.0
1387579,025217.48-005249.3,21.685065082888222,-1.0
1387557,025220.54+002735.0,21.90394728223803,-1.0
1387551,025221.02+000559.2,19.126669437430515,-1.0
1387546,025221.54+002832.5,21.531150418375127,-1.0
1387544,025221.84-003358.6,22.798348344320097,-1.0
1387528,025223.48-003623.7,22.877499290762394,-1.0
1387518,025224.97+001308.1,22.59756390869486,-1.0
1387513,025225.52+003405.7,22.05234830649122,-1.0
1387498,025228.55+003109.0,20.12551596539847,-1.0
1387494,025229.25+001624.3,23.80208297937974,-1.0
1387472,025233.79+004340.6,22.402114857145044,-1.0
1387458,025237.80-004627.9,21.115809528959794,-1.0
1387457,025237.92-005406.4,21.542147027987575,-1.0
1387409,025247.33+005135.1,21.38479977013683,-1.0
1387390,025250.10+000830.4,23.111267843022397,-1.0
1387366,025254.01+005832.0,22.42418796484302,-1.0
1387321,025301.96+000053.3,22.72311464871465,-1.0
1387268,025311.70-004241.8,22.056529606747013,-1.0
1387264,025312.94-003729.5,22.68151423450673,-1.0
1387226,025318.92+001559.3,22.600145102681502,-1.0
1387206,025323.61+000230.4,20.931079508374815,-1.0
1387205,025323.64+000446.7,21.849596199456236,-1.0
1387201,025324.70-002655.8,21.469001121968482,-1.0
1387174,025329.36+002753.8,21.722914171289197,-1.0
1387164,025331.92+001624.7,21.045402005620595,-1.0
1387156,025333.54+001634.2,23.0875223806189,-1.0
1387151,025335.12-003039.4,23.329461578821373,-1.0
1387119,025340.94+001110.0,20.11515946191559,-1.0
1387099,025345.39-003809.7,22.289822634138126,-1.0
1387044,025356.07+001057.3,21.542903890176426,-1.0
1387043,025356.81-001123.8,20.87098129206411,-1.0
1387017,025401.56+000317.1,22.61234051660825,-1.0
1386875,025428.31+002418.2,22.676499414875103,-1.0
1386837,025435.41+000523.2,22.469303891526742,-1.0
1386822,025438.36+002132.6,22.044208798368622,-1.0
1386720,025458.30-001142.1,21.621281272172176,-1.0
1386671,025510.55-000713.0,22.491449858491173,-1.0
1386655,025513.02+000639.3,21.72719633281448,-1.0
1386553,025528.92-000219.2,21.431566924814085,-1.0
